1,NS_beta_L10000_a1_b3_2,"synthetic,noise,beta",10000
2,NS_beta_L10000_a4_b10_1,"synthetic,noise,beta",10000
3,NS_beta_L10000_a4_b3_2,"synthetic,noise,beta",10000
4,NS_beta_L1000_a3_b5_2,"synthetic,noise,beta",1000
5,NS_beta_L1000_a4_b5_2,"synthetic,noise,beta",1000
6,NS_beta_L1000_a5_b2_2,"synthetic,noise,beta",1000
7,NS_beta_L5000_a0.5_b10_1,"synthetic,noise,beta",5000
8,NS_beta_L5000_a0.5_b3_2,"synthetic,noise,beta",5000
9,NS_beta_L5000_a1_b10_1,"synthetic,noise,beta",5000
10,NS_binomial_L1000_n20_p0.95_1,"synthetic,noise,binomial",1000
11,NS_binomial_L5000_n50_p0.05_1,"synthetic,noise,binomial",5000
12,NS_ev_L5000_mu0_sigma1_3,"synthetic,noise,ev",5000
13,NS_geo_L10000_a0.1_2,"synthetic,noise,geo",10000
14,NS_gev_L5000_a0.01_b1_c0_1,"synthetic,noise,gev",5000
15,NS_gp_L1000_a0.2_b10_c0_1,"synthetic,noise,gp",1000
16,NS_hypeg_L1000_a50_b5_c40,"synthetic,noise,hypeg",1000
17,NS_hypeg_L5000_a50_b5_c40,"synthetic,noise,hypeg",5000
18,NS_norm_L1000_a0_b10_4,"synthetic,noise,normal",1000
19,NS_poiss_L10000_a50_1,"synthetic,noise,poisson",10000
20,NS_t_L5000_a5_2,"synthetic,noise,Studentst",5000
21,ST_M10a_N5000_a10b_1sigma_0.1x0_1_6,"synthetic,stochastic,SDE,M10",5000
22,ST_M1a_N1000_a-0.02_sigma2_x0_1_3,"synthetic,stochastic,SDE,M1",1000
23,ST_M3a_N10000_a0.1sigma_2x0_1_2,"synthetic,stochastic,SDE,M3",10000
24,ST_M5a_N10000_a-0.01_b-0.2_c0.1_d0.1_x0_1_4,"synthetic,stochastic,SDE,M5",10000
25,ST_M5a_N10000_a-0.01_b-0.6_c0_d0_x0_1_2,"synthetic,stochastic,SDE,M5",10000
26,ST_M5a_N10000_a-0.01_b0.2_c0_d-0.1_x0_1_5,"synthetic,stochastic,SDE,M5",10000
27,ST_M5a_N10000_a0.01_b-0.2_c0.1_d0.1_x0_1_3,"synthetic,stochastic,SDE,M5",10000
28,ST_M5a_N10000_a0.01_b-0.6_c-0.1_d-0.1_x0_1_2,"synthetic,stochastic,SDE,M5",10000
29,ST_M5a_N10000_a0.01_b-0.6_c-0.1_d0.1_x0_1_5,"synthetic,stochastic,SDE,M5",10000
30,ST_M5a_N1000_a-0.01_b-0.6_c0_d0_x0_1_3,"synthetic,stochastic,SDE,M5",1000
31,ST_M5a_N1000_a0.01_b-0.2_c0.1_d0.1_x0_1_4,"synthetic,stochastic,SDE,M5",1000
32,ST_M5a_N1000_a0.01_b0.2_c0_d0_x0_1_6,"synthetic,stochastic,SDE,M5",1000
33,ST_M5a_N1000_a0_b-0.2_c-0.1_d-0.1_x0_1_1,"synthetic,stochastic,SDE,M5",1000
34,ST_M5a_N1000_a0_b-0.2_c-0.1_d0.1_x0_1_4,"synthetic,stochastic,SDE,M5",1000
35,ST_M5a_N1000_a0_b0.2_c-0.1_d0.1_x0_1_5,"synthetic,stochastic,SDE,M5",1000
36,ST_M5a_N1000_a0_b0.6_c0_d0_x0_1_2,"synthetic,stochastic,SDE,M5",1000
37,ST_M5a_N5000_a-0.01_b-0.6_c0_d0.1_x0_1_1,"synthetic,stochastic,SDE,M5",5000
38,ST_M5a_N5000_a-0.01_b-0.6_c0_d0.1_x0_1_2,"synthetic,stochastic,SDE,M5",5000
39,ST_M5a_N5000_a0.01_b-0.2_c0_d0.1_x0_1_2,"synthetic,stochastic,SDE,M5",5000
40,ST_M5a_N5000_a0_b0.2_c-0.1_d0.1_x0_1_2,"synthetic,stochastic,SDE,M5",5000
41,ST_M6a_N5000_a1_x0_1_3,"synthetic,stochastic,SDE,M6",5000
42,ST_M7a_N1000_a10_x0_1_3,"synthetic,stochastic,SDE,M7",1000
43,ST_M8a_N5000_a-0.1_x0_1_3,"synthetic,stochastic,SDE,M8",5000
44,SY_Caotorus_10_5000_0.1,"synthetic,periodic,2sine,lownoise",5000
45,SY_Caotorus_5_5000_0.1,"synthetic,periodic,2sine,lownoise",5000
46,SY_Caotorus_5_5000_0,"synthetic,periodic,2sine",5000
47,SY_plnm_n_0_10000_1,"synthetic,powerlawnoise",10000
48,SY_plnm_n_2_10000_3,"synthetic,powerlawnoise",10000
49,SY_plnm_r_0_1000_1,"synthetic,powerlawnoise",1000
50,SY_plnm_r_2.5_10000_3,"synthetic,powerlawnoise",10000
51,SY_plnm_r_3_1000_3,"synthetic,powerlawnoise",1000
52,SY_rwalk_L10000_13,"synthetic,randomwalk",10000
53,SY_rwalk_L10000_20,"synthetic,randomwalk",10000
54,SY_rwalk_L10000_6,"synthetic,randomwalk",10000
55,SY_rwalk_L1000_5,"synthetic,randomwalk",1000
56,SY_rwalk_L5000_11,"synthetic,randomwalk",5000
57,SY_rwalk_L7500_1,"synthetic,randomwalk",7500
58,SY_rwalk_L7500_12,"synthetic,randomwalk",7500
59,AR_L1000_p4_nm_0.2_5,"synthetic,AR",1000
60,AR_L1000_p6_nm_0.2_2,"synthetic,AR",1000
61,AR_L1000_p9_nm_0.2_2,"synthetic,AR",1000
62,AR_L1000_p9_nm_0.2_4,"synthetic,AR",1000
63,AR_L5000_p2_nm_0.8_1,"synthetic,AR",5000
64,AR_L5000_p5_nm_1_4,"synthetic,AR",5000
65,AR_L500_p2_nm_0.8_3,"synthetic,AR",500
66,AR_L500_p2_nm_1_5,"synthetic,AR",500
67,AR_L500_p6_nm_0.2_3,"synthetic,AR",500
68,AR_L500_p8_nm_0.8_5,"synthetic,AR",500
69,AR_L7500_p5_nm_0.6_5,"synthetic,AR",7500
70,AR_L7500_p6_nm_1_4,"synthetic,AR",7500
71,FL_ddp_L1000_N5000_IC_0.1_0.1_x,"synthetic,dynsys,ddp",5000
72,FL_ddp_L1000_N5000_IC_0.2_0_x,"synthetic,dynsys,ddp",5000
73,FL_ddp_L300_N10000_IC_0.1_0.2_y,"synthetic,dynsys,ddp",10000
74,FL_ddp_L300_N10000_IC_0_0_x,"synthetic,dynsys,ddp",10000
75,FL_ddp_L300_N5000_IC_0.1_0.1_y,"synthetic,dynsys,ddp",5000
76,FL_ddp_L5000_N1000_IC_0.1_0.1_x,"synthetic,dynsys,ddp",1000
77,FL_diffnlorenz_L1000_N10000_IC_1_-1_0.01_x,"synthetic,dynsys,chaos,diffnlorenz",10000
78,FL_diffnlorenz_L1000_N5000_IC_1_-1_0.01_y,"synthetic,dynsys,chaos,diffnlorenz",5000
79,FL_diffnlorenz_L2500_N10000_IC_1.1_-1.1_0.01_x,"synthetic,dynsys,chaos,diffnlorenz",10000
80,FL_dufftwowell_L1000_N10000_IC_0.3_0_x,"synthetic,dynsys,dufftwowell",10000
81,FL_dufftwowell_L1000_N1000_IC_0.3_0_y,"synthetic,dynsys,dufftwowell",1000
82,FL_dufftwowell_L1000_N5000_IC_0.25_0_x,"synthetic,dynsys,dufftwowell",5000
83,FL_dufftwowell_L1000_N5000_IC_0.2_0_y,"synthetic,dynsys,dufftwowell",5000
84,FL_dufftwowell_L1000_N5000_IC_0.3_0_x,"synthetic,dynsys,dufftwowell",5000
85,FL_dufftwowell_L300_N1000_IC_0.25_0_x,"synthetic,dynsys,dufftwowell",1000
86,FL_dufftwowell_L5000_N5000_IC_0.2_0_y,"synthetic,dynsys,dufftwowell",5000
87,FL_duffvdp_L1000_N10000_IC_0.2_-0.25_y,"synthetic,dynsys,duffvdp",10000
88,FL_duffvdp_L1000_N5000_IC_0.2_-0.2_y,"synthetic,dynsys,duffvdp",5000
89,FL_duffvdp_L300_N10000_IC_0.25_-0.2_x,"synthetic,dynsys,duffvdp",10000
90,FL_duffvdp_L300_N10000_IC_0.2_-0.25_y,"synthetic,dynsys,duffvdp",10000
91,FL_duffvdp_L300_N1000_IC_0.25_-0.25_y,"synthetic,dynsys,duffvdp",1000
92,FL_duffvdp_L300_N1000_IC_0.2_-0.25_x,"synthetic,dynsys,duffvdp",1000
93,FL_duffvdp_L5000_N5000_IC_0.25_-0.2_x,"synthetic,dynsys,duffvdp",5000
94,FL_dvdp_L1000_N5000_IC_-1.9_0.2_x,"synthetic,dynsys,dvdp",5000
95,FL_dvdp_L300_N10000_IC_-1.9_0.2_y,"synthetic,dynsys,dvdp",10000
96,FL_dvdp_L300_N1000_IC_-1.7_0_x,"synthetic,dynsys,dvdp",1000
97,FL_dvdp_L5000_N10000_IC_-1.7_0_y,"synthetic,dynsys,dvdp",10000
98,FL_dvdp_L5000_N1000_IC_-1.7_0_y,"synthetic,dynsys,dvdp",1000
99,FL_dvdp_L5000_N1000_IC_-1.9_0.2_x,"synthetic,dynsys,dvdp",1000
100,FL_fbruss_L300_N10000_IC_0.3_2_x,"synthetic,dynsys,fbruss",10000
101,FL_fbruss_L300_N10000_IC_0.3_2_y,"synthetic,dynsys,fbruss",10000
102,FL_fbruss_L300_N1000_IC_0.3_2_x,"synthetic,dynsys,fbruss",1000
103,FL_fbruss_L300_N5000_IC_0.3_2_y,"synthetic,dynsys,fbruss",5000
104,FL_fbruss_L5000_N10000_IC_0.3_2_x,"synthetic,dynsys,fbruss",10000
105,FL_lorenz_L1000_N5000_IC_0_-0.01_9_x,"synthetic,dynsys,chaos,lorenz",5000
106,FL_lorenz_L250_N10000_IC_0_-0.01_9.1_y,"synthetic,dynsys,chaos,lorenz",10000
107,FL_lorenz_L250_N1000_IC_0_-0.01_9.1_x,"synthetic,dynsys,chaos,lorenz",1000
108,FL_lorenz_L250_N1000_IC_0_-0.01_9_x,"synthetic,dynsys,chaos,lorenz",1000
109,FL_lorenz_L500_N1000_IC_0_-0.01_9.1_y,"synthetic,dynsys,chaos,lorenz",1000
110,FL_lorenz_L500_N5000_IC_0_-0.01_9.1_y,"synthetic,dynsys,chaos,lorenz",5000
111,FL_rayduff_L1000_N1000_IC_0.35_0_x,"synthetic,dynsys,chaos,rayduff",1000
112,FL_rayduff_L1000_N1000_IC_0.3_0_x,"synthetic,dynsys,chaos,rayduff",1000
113,FL_rayduff_L300_N1000_IC_0.35_0_y,"synthetic,dynsys,chaos,rayduff",1000
114,FL_rayduff_L300_N5000_IC_0.3_0_x,"synthetic,dynsys,chaos,rayduff",5000
115,FL_rayduff_L300_N5000_IC_0.4_0_x,"synthetic,dynsys,chaos,rayduff",5000
116,FL_rayduff_L5000_N1000_IC_0.35_0_y,"synthetic,dynsys,chaos,rayduff",1000
117,FL_rayduff_L5000_N1000_IC_0.3_0_x,"synthetic,dynsys,chaos,rayduff",1000
118,FL_rayduff_L5000_N5000_IC_0.4_0_x,"synthetic,dynsys,chaos,rayduff",5000
119,FL_rossler_L250_N5000_IC_-9.1_0_0_x,"synthetic,dynsys,chaos,Rossler",5000
120,FL_shawvdp_L1000_N1000_IC_1.4_0.1_y,"synthetic,dynsys,shawvdp",1000
121,FL_shawvdp_L1000_N5000_IC_1.3_0_x,"synthetic,dynsys,shawvdp",5000
122,FL_shawvdp_L300_N10000_IC_1.4_0.1_x,"synthetic,dynsys,shawvdp",10000
123,FL_shawvdp_L300_N1000_IC_1.3_0.1_y,"synthetic,dynsys,shawvdp",1000
124,FL_shawvdp_L300_N1000_IC_1.4_0.1_y,"synthetic,dynsys,shawvdp",1000
125,FL_shawvdp_L300_N5000_IC_1.3_0.1_x,"synthetic,dynsys,shawvdp",5000
126,FL_shawvdp_L5000_N10000_IC_1.3_0_y,"synthetic,dynsys,shawvdp",10000
127,FL_shawvdp_L5000_N5000_IC_1.3_0.1_y,"synthetic,dynsys,shawvdp",5000
128,FL_ueda_L1000_N10000_IC_2.5_0_x,"synthetic,dynsys,ueda",10000
129,FL_ueda_L1000_N10000_IC_2.5_0_y,"synthetic,dynsys,ueda",10000
130,FL_ueda_L1000_N5000_IC_2.5_0_x,"synthetic,dynsys,ueda",5000
131,FL_ueda_L1000_N5000_IC_2.5_0_y,"synthetic,dynsys,ueda",5000
132,FL_ueda_L300_N10000_IC_2.5_0_x,"synthetic,dynsys,ueda",10000
133,FL_ueda_L300_N10000_IC_2.5_0_y,"synthetic,dynsys,ueda",10000
134,FL_ueda_L5000_N1000_IC_2.5_0_x,"synthetic,dynsys,ueda",1000
135,FL_ueda_L5000_N1000_IC_2.5_0_y,"synthetic,dynsys,ueda",1000
136,FL_ueda_L5000_N5000_IC_2.5_0_x,"synthetic,dynsys,ueda",5000
137,MP_Caoperiodic_L10000_1,"synthetic,map,caoperiodic",10000
138,MP_Caoperiodic_L10000_2,"synthetic,map,caoperiodic",10000
139,MP_Caoperiodic_L10000_5,"synthetic,map,caoperiodic",10000
140,MP_Caoperiodic_L1000_2,"synthetic,map,caoperiodic",1000
141,MP_Caoperiodic_L1000_3,"synthetic,map,caoperiodic",1000
142,MP_Caoperiodic_L1000_5,"synthetic,map,caoperiodic",1000
143,MP_Caoperiodic_L300_3,"synthetic,map,caoperiodic",300
144,MP_Caoperiodic_L300_4,"synthetic,map,caoperiodic",300
145,MP_Caoperiodic_L5000_1,"synthetic,map,caoperiodic",5000
146,MP_asslogistic_4.10,"synthetic,map,chaos,asslogistic",5000
147,MP_asslogistic_4.20,"synthetic,map,chaos,asslogistic",5000
148,MP_asslogistic_4.25,"synthetic,map,chaos,asslogistic",5000
149,MP_asslogistic_4.30,"synthetic,map,chaos,asslogistic",5000
150,MP_asslogistic_4.55,"synthetic,map,chaos,asslogistic",5000
151,MP_asslogistic_4.70,"synthetic,map,chaos,asslogistic",5000
152,MP_asslogistic_4.75,"synthetic,map,chaos,asslogistic",5000
153,MP_burgers_L10000_IC_-0.1_0.1_x,"synthetic,map,burgers",10000
154,MP_burgers_L10000_IC_-0.2_0.1_x,"synthetic,map,burgers",10000
155,MP_burgers_L1000_IC_-0.1_0.1_y,"synthetic,map,burgers",1000
156,MP_burgers_L1000_IC_-0.1_0.2_x,"synthetic,map,burgers",1000
157,MP_burgers_L1000_IC_-0.2_0.1_y,"synthetic,map,burgers",1000
158,MP_burgers_L300_IC_-0.2_0.1_x,"synthetic,map,burgers",300
159,MP_burgers_L5000_IC_-0.1_0.2_x,"synthetic,map,burgers",5000
160,MP_burgers_L5000_IC_-0.2_0.2_y,"synthetic,map,burgers",5000
161,MP_chaoticweb_L1000_IC_0_2.98_x,"synthetic,map,chaos,chaoticweb",1000
162,MP_chaoticweb_L1000_IC_0_3.01_x,"synthetic,map,chaos,chaoticweb",1000
163,MP_chaoticweb_L300_IC_0_2.98_x,"synthetic,map,chaos,chaoticweb",300
164,MP_chaoticweb_L300_IC_0_3.01_x,"synthetic,map,chaos,chaoticweb",300
165,MP_chaoticweb_L5000_IC_0_2.99_x,"synthetic,map,chaos,chaoticweb",5000
166,MP_chirikov_L10000_IC_0.1_6.1_y,"synthetic,map,chirikov",10000
167,MP_chirikov_L10000_IC_0.1_6_x,"synthetic,map,chirikov",10000
168,MP_chirikov_L10000_IC_0.2_6_y,"synthetic,map,chirikov",10000
169,MP_chirikov_L10000_IC_0_6.1_x,"synthetic,map,chirikov",10000
170,MP_chirikov_L1000_IC_0.1_6.1_y,"synthetic,map,chirikov",1000
171,MP_chirikov_L1000_IC_0.1_6_y,"synthetic,map,chirikov",1000
172,MP_chirikov_L1000_IC_0.2_6_x,"synthetic,map,chirikov",1000
173,MP_chirikov_L1000_IC_0_6_x,"synthetic,map,chirikov",1000
174,MP_chirikov_L300_IC_0.1_6.1_x,"synthetic,map,chirikov",300
175,MP_chirikov_L300_IC_0.2_6_y,"synthetic,map,chirikov",300
176,MP_chirikov_L5000_IC_0.1_6.2_x,"synthetic,map,chirikov",5000
177,MP_cubic_L1000_A2.55,"synthetic,map,cubic",1000
178,MP_cubic_L1000_A2.65,"synthetic,map,cubic",1000
179,MP_cubic_L1000_A2.7,"synthetic,map,cubic",1000
180,MP_cubic_L300_A2.5,"synthetic,map,cubic",300
181,MP_cubic_L300_A2.6,"synthetic,map,cubic",300
182,MP_cubic_L300_A2.7,"synthetic,map,cubic",300
183,MP_cubic_L5000_A2.7,"synthetic,map,cubic",5000
184,MP_cubic_L5000_A2.85,"synthetic,map,cubic",5000
185,MP_cusp_L10000_A1.95_x0_0.25,"synthetic,map,cusp",10000
186,MP_cusp_L10000_A1.95_x0_0.82,"synthetic,map,cusp",10000
187,MP_cusp_L1000_A1.9_x0_0.98,"synthetic,map,cusp",1000
188,MP_cusp_L1000_A2_x0_0.42,"synthetic,map,cusp",1000
189,MP_cusp_L300_A1.95_x0_0.56,"synthetic,map,cusp",300
190,MP_cusp_L300_A1.9_x0_0.56,"synthetic,map,cusp",300
191,MP_cusp_L300_A2_x0_0.53,"synthetic,map,cusp",300
192,MP_cusp_L300_A2_x0_0.98,"synthetic,map,cusp",300
193,MP_dissstd_L10000_IC_0.1_0.05_y,"synthetic,map,dissstd",10000
194,MP_dissstd_L10000_IC_0.2_0.1_x,"synthetic,map,dissstd",10000
195,MP_dissstd_L1000_IC_0.2_0.05_x,"synthetic,map,dissstd",1000
196,MP_dissstd_L300_IC_0.1_0.05_y,"synthetic,map,dissstd",300
197,MP_dissstd_L300_IC_0.1_0.1_x,"synthetic,map,dissstd",300
198,MP_dissstd_L5000_IC_0.05_0.05_y,"synthetic,map,dissstd",5000
199,MP_dissstd_L5000_IC_0.2_0.05_x,"synthetic,map,dissstd",5000
200,MP_dissstd_L5000_IC_0.2_0.2_y,"synthetic,map,dissstd",5000
201,MP_gingerbread_L10000_IC_0.53_3.7_x,"synthetic,map,chaos,gingerbreadman",10000
202,MP_gingerbread_L10000_IC_0.54_3.7_x,"synthetic,map,chaos,gingerbreadman",10000
203,MP_gingerbread_L10000_IC_0.5_3.7_x,"synthetic,map,chaos,gingerbreadman",10000
204,MP_gingerbread_L1000_IC_0.52_3.7_x,"synthetic,map,chaos,gingerbreadman",1000
205,MP_gingerbread_L1000_IC_0.53_3.7_x,"synthetic,map,chaos,gingerbreadman",1000
206,MP_gingerbread_L1000_IC_0.54_3.7_x,"synthetic,map,chaos,gingerbreadman",1000
207,MP_gingerbread_L300_IC_0.54_3.7_x,"synthetic,map,chaos,gingerbreadman",300
208,MP_gingerbread_L5000_IC_0.52_3.7_x,"synthetic,map,chaos,gingerbreadman",5000
209,MP_gingerbread_L5000_IC_0.54_3.7_x,"synthetic,map,chaos,gingerbreadman",5000
210,MP_henon_L10000_a1.4_b0.3_IC_0_0.9,"synthetic,map,henon",10000
211,MP_henon_L1000_a1.4_b0.3_IC_0_0.9,"synthetic,map,henon",1000
212,MP_henon_L300_a1.4_b0.3_IC_0.1_0.9,"synthetic,map,henon",300
213,MP_henon_L300_a1.4_b0.3_IC_0_0.8,"synthetic,map,henon",300
214,MP_henon_L5000_a1.4_b0.3_IC_0.1_0.8,"synthetic,map,henon",5000
215,MP_henon_L5000_a1.4_b0.3_IC_0.1_0.9,"synthetic,map,henon",5000
216,MP_henonapqm_L1000_IC_0.6_0.13_x,"synthetic,map,henonapqm",1000
217,MP_henonapqm_L1000_IC_0.6_0.13_y,"synthetic,map,henonapqm",1000
218,MP_henonapqm_L300_IC_0.6_0.13_x,"synthetic,map,henonapqm",300
219,MP_henonapqm_L300_IC_0.6_0.13_y,"synthetic,map,henonapqm",300
220,MP_henonapqm_L5000_IC_0.6_0.13_x,"synthetic,map,henonapqm",5000
221,MP_holmescubic_L10000_IC_1.6_0_y,"synthetic,map,holmescubic",10000
222,MP_holmescubic_L1000_IC_1.6_0_y,"synthetic,map,holmescubic",1000
223,MP_holmescubic_L1000_IC_1.7_0_y,"synthetic,map,holmescubic",1000
224,MP_holmescubic_L1000_IC_1.8_0_y,"synthetic,map,holmescubic",1000
225,MP_holmescubic_L300_IC_1.7_0_y,"synthetic,map,holmescubic",300
226,MP_holmescubic_L300_IC_1.8_0_y,"synthetic,map,holmescubic",300
227,MP_holmescubic_L5000_IC_1.7_0_y,"synthetic,map,holmescubic",5000
228,MP_holmescubic_L5000_IC_1.8_0_y,"synthetic,map,holmescubic",5000
229,MP_ikeda_L10000_IC_0.1_0_y,"synthetic,map,ikeda",10000
230,MP_ikeda_L10000_IC_0_0_y,"synthetic,map,ikeda",10000
231,MP_ikeda_L1000_IC_0.05_0_x,"synthetic,map,ikeda",1000
232,MP_ikeda_L1000_IC_0_0_x,"synthetic,map,ikeda",1000
233,MP_ikeda_L1000_IC_0_0_y,"synthetic,map,ikeda",1000
234,MP_ikeda_L300_IC_0.1_0_x,"synthetic,map,ikeda",300
235,MP_ikeda_L5000_IC_0.05_0_x,"synthetic,map,ikeda",5000
236,MP_ikeda_L5000_IC_0.1_0_y,"synthetic,map,ikeda",5000
237,MP_kaplanyorke_L10000_IC_0.70711_-0.4_x,"synthetic,map,kaplanyorke",10000
238,MP_kaplanyorke_L10000_IC_0.70711_-0.4_y,"synthetic,map,kaplanyorke",10000
239,MP_kaplanyorke_L1000_IC_0.70711_-0.4_x,"synthetic,map,kaplanyorke",1000
240,MP_kaplanyorke_L300_IC_0.70711_-0.4_x,"synthetic,map,kaplanyorke",300
241,MP_kaplanyorke_L300_IC_0.70711_-0.4_y,"synthetic,map,kaplanyorke",300
242,MP_kaplanyorke_L5000_IC_0.70711_-0.4_x,"synthetic,map,kaplanyorke",5000
243,MP_kaplanyorke_L5000_IC_0.70711_-0.4_y,"synthetic,map,kaplanyorke",5000
244,MP_lcg_L1000_x0_0.5,"synthetic,map,lcg",1000
245,MP_lcg_L1000_x0_0.7,"synthetic,map,lcg",1000
246,MP_lcg_L1000_x0_0.8,"synthetic,map,lcg",1000
247,MP_lcg_L300_x0_0.1,"synthetic,map,lcg",300
248,MP_lcg_L300_x0_0.2,"synthetic,map,lcg",300
249,MP_lcg_L300_x0_0.6,"synthetic,map,lcg",300
250,MP_lcg_L300_x0_0.7,"synthetic,map,lcg",300
251,MP_lcg_L300_x0_0.8,"synthetic,map,lcg",300
252,MP_lcg_L300_x0_0,"synthetic,map,lcg",300
253,MP_lcg_L5000_x0_0.9,"synthetic,map,lcg",5000
254,MP_lorenz3d_L10000_IC_0.51_0.51_-0.99_x,"synthetic,map,chaos,lorenz3d",10000
255,MP_lorenz3d_L10000_IC_0.51_0.5_-1_x,"synthetic,map,chaos,lorenz3d",10000
256,MP_lorenz3d_L1000_IC_0.51_0.5_-0.99_x,"synthetic,map,chaos,lorenz3d",1000
257,MP_lorenz3d_L1000_IC_0.51_0.5_-1_x,"synthetic,map,chaos,lorenz3d",1000
258,MP_lorenz3d_L1000_IC_0.5_0.51_-0.99_x,"synthetic,map,chaos,lorenz3d",1000
259,MP_lorenz3d_L1000_IC_0.5_0.5_-0.99_x,"synthetic,map,chaos,lorenz3d",1000
260,MP_lorenz3d_L1000_IC_0.5_0.5_-1_x,"synthetic,map,chaos,lorenz3d",1000
261,MP_lorenz3d_L300_IC_0.51_0.51_-0.99_x,"synthetic,map,chaos,lorenz3d",300
262,MP_lorenz3d_L300_IC_0.51_0.51_-1_x,"synthetic,map,chaos,lorenz3d",300
263,MP_lorenz3d_L300_IC_0.51_0.5_-1_x,"synthetic,map,chaos,lorenz3d",300
264,MP_lorenz3d_L300_IC_0.5_0.5_-1_x,"synthetic,map,chaos,lorenz3d",300
265,MP_lozi_L10000_a1.7_b0.5_IC_-0.2_0.1,"synthetic,map,lozi",10000
266,MP_lozi_L1000_a1.7_b0.5_IC_-0.2_0.1,"synthetic,map,lozi",1000
267,MP_lozi_L1000_a1.7_b0.5_IC_-0.2_0.15,"synthetic,map,lozi",1000
268,MP_lozi_L300_a1.7_b0.5_IC_-0.1_0.1,"synthetic,map,lozi",300
269,MP_lozi_L300_a1.7_b0.5_IC_-0.2_0.15,"synthetic,map,lozi",300
270,MP_lozi_L5000_a1.7_b0.5_IC_-0.2_0.15,"synthetic,map,lozi",5000
271,MP_pinchers_L10000_s1.9c_0.4,"synthetic,map,pinchers",10000
272,MP_pinchers_L10000_s2c_0.4,"synthetic,map,pinchers",10000
273,MP_pinchers_L1000_s2.1c_0.55,"synthetic,map,pinchers",1000
274,MP_pinchers_L1000_s2c_0.55,"synthetic,map,pinchers",1000
275,MP_pinchers_L5000_s2.1c_0.55,"synthetic,map,pinchers",5000
276,MP_pinchers_L5000_s2c_0.5,"synthetic,map,pinchers",5000
277,MP_pinchers_L5000_s2c_0.55,"synthetic,map,pinchers",5000
278,MP_predprey_L10000_IC_0.5_0.5_y,"synthetic,map,predprey",10000
279,MP_predprey_L1000_IC_0.55_0.55_x,"synthetic,map,predprey",1000
280,MP_predprey_L1000_IC_0.55_0.55_y,"synthetic,map,predprey",1000
281,MP_predprey_L300_IC_0.55_0.5_y,"synthetic,map,predprey",300
282,MP_predprey_L300_IC_0.5_0.5_x,"synthetic,map,predprey",300
283,MP_predprey_L5000_IC_0.55_0.55_y,"synthetic,map,predprey",5000
284,MP_predprey_L5000_IC_0.5_0.55_x,"synthetic,map,predprey",5000
285,MP_ricker_L1000_A16,"synthetic,map,ricker",1000
286,MP_ricker_L1000_A21,"synthetic,map,ricker",1000
287,MP_ricker_L1000_A22,"synthetic,map,ricker",1000
288,MP_ricker_L300_A16,"synthetic,map,ricker",300
289,MP_ricker_L5000_A23,"synthetic,map,ricker",5000
290,MP_ricker_L5000_A26,"synthetic,map,ricker",5000
291,MP_sinai_L10000_delta0.08_IC_0.55_0.55_x,"synthetic,map,sinai",10000
292,MP_sinai_L10000_delta0.08_IC_0.55_0.55_y,"synthetic,map,sinai",10000
293,MP_sinai_L10000_delta0.12_IC_0.55_0.55_x,"synthetic,map,sinai",10000
294,MP_sinai_L10000_delta0.1_IC_0.5_0.5_y,"synthetic,map,sinai",10000
295,MP_sinai_L300_delta0.08_IC_0.55_0.55_y,"synthetic,map,sinai",300
296,MP_sinai_L300_delta0.12_IC_0.55_0.5_x,"synthetic,map,sinai",300
297,MP_sinai_L300_delta0.1_IC_0.55_0.55_x,"synthetic,map,sinai",300
298,MP_sinai_L300_delta0.1_IC_0.5_0.55_x,"synthetic,map,sinai",300
299,MP_sinai_L5000_delta0.08_IC_0.55_0.5_x,"synthetic,map,sinai",5000
300,MP_sinai_L5000_delta0.08_IC_0.5_0.55_x,"synthetic,map,sinai",5000
301,MP_sinai_L5000_delta0.12_IC_0.5_0.5_y,"synthetic,map,sinai",5000
302,MP_sinecircle_L10000_x0_0.44,"synthetic,map,sinecircle",10000
303,MP_sinecircle_L10000_x0_0.71,"synthetic,map,sinecircle",10000
304,MP_sinecircle_L1000_x0_0.8,"synthetic,map,sinecircle",1000
305,MP_sinecircle_L300_x0_0.17,"synthetic,map,sinecircle",300
306,MP_sinecircle_L300_x0_0.44,"synthetic,map,sinecircle",300
307,MP_sinecircle_L300_x0_0.8,"synthetic,map,sinecircle",300
308,MP_sinecircle_L5000_x0_0.44,"synthetic,map,sinecircle",5000
309,MP_spence_L10000_x0_0.44,"synthetic,map,spence",10000
310,MP_spence_L10000_x0_0.7,"synthetic,map,spence",10000
311,MP_spence_L10000_x0_0.96,"synthetic,map,spence",10000
312,MP_spence_L1000_x0_0.27,"synthetic,map,spence",1000
313,MP_spence_L1000_x0_0.44,"synthetic,map,spence",1000
314,MP_spence_L1000_x0_0.66,"synthetic,map,spence",1000
315,MP_spence_L1000_x0_0.93,"synthetic,map,spence",1000
316,MP_spence_L5000_x0_0.27,"synthetic,map,spence",5000
317,MP_tent_L1000_A1.82,"synthetic,map,tent,chaos",1000
318,MP_tent_L1000_A1.94,"synthetic,map,tent,chaos",1000
319,MP_tent_L1000_A2,"synthetic,map,tent,chaos",1000
320,MP_tent_L300_A1.86,"synthetic,map,tent,chaos",300
321,MP_tent_L300_A1.94,"synthetic,map,tent,chaos",300
322,MP_tent_L300_A1.96,"synthetic,map,tent,chaos",300
323,MP_tent_L300_A2,"synthetic,map,tent,chaos",300
324,MP_tent_L5000_A1.8,"synthetic,map,tent,chaos",5000
325,MP_tent_L5000_A1.88,"synthetic,map,tent,chaos",5000
326,MP_tent_L5000_A1.92,"synthetic,map,tent,chaos",5000
327,MP_tinkerbell_L10000_IC_0.05_0.45_x,"synthetic,map,tinkerbell",10000
328,MP_tinkerbell_L10000_IC_0.05_0.45_y,"synthetic,map,tinkerbell",10000
329,MP_tinkerbell_L1000_IC_0.05_0.4_x,"synthetic,map,tinkerbell",1000
330,MP_tinkerbell_L300_IC_0.05_0.4_y,"synthetic,map,tinkerbell",300
331,MP_tinkerbell_L300_IC_0_0.4_y,"synthetic,map,tinkerbell",300
332,MP_tinkerbell_L5000_IC_0_0.5_x,"synthetic,map,tinkerbell",5000
333,MP_tinkerbell_r2_3,"synthetic,map,chaos,tinkerbell",10000
334,MP_tinkerbell_y_3,"synthetic,map,chaos,tinkerbell",10000
335,SY_DHO_L2000_N5000_A0.3_Om0.35_om0.6,"synthetic,dynsys,periodic,dho",5000
336,SY_DHO_L2000_N5000_A0.3_Om0.35_om1.1,"synthetic,dynsys,periodic,dho",5000
337,SY_DHO_L2000_N5000_A0.3_Om0.7_om0.35,"synthetic,dynsys,periodic,dho",5000
338,SY_DHO_L2000_N5000_A0.3_Om0.7_om1.1,"synthetic,dynsys,periodic,dho",5000
339,SY_DHO_L2000_N5000_A0.3_Om1.05_om1.1,"synthetic,dynsys,periodic,dho",5000
340,SY_DHO_L2000_N5000_A0.6_Om0.7_om0.35,"synthetic,dynsys,periodic,dho",5000
341,SY_DHO_L2000_N5000_A0.6_Om1.05_om0.6,"synthetic,dynsys,periodic,dho",5000
342,SY_DHO_L2000_N5000_A0.9_Om0.35_om0.6,"synthetic,dynsys,periodic,dho",5000
343,SY_DHO_L2000_N5000_A0.9_Om1.05_om0.35,"synthetic,dynsys,periodic,dho",5000
344,SY_DHO_L2000_N5000_A0.9_Om1.05_om1.1,"synthetic,dynsys,periodic,dho",5000
345,SY_DHO_L2000_N5000_A1.2_Om0.7_om0.6,"synthetic,dynsys,periodic,dho",5000
346,SY_DPend_L160000_N10000_b0.05_A0.3_Om1.05_yi_2_0,"synthetic,dynsys,drpendulum",10000
347,SY_DPend_L160000_N10000_b0_A0_Om0.35_yi_2_0,"synthetic,dynsys,drpendulum",10000
348,SY_DPend_L160000_N5000_b0_A0.9_Om0.7_yi_2_0,"synthetic,dynsys,drpendulum",5000
349,SY_DPend_L20000_N10000_b0.05_A0.9_Om0.35_yi_2_0,"synthetic,dynsys,drpendulum",10000
350,SY_DPend_L20000_N5000_b0.05_A0.3_Om1.05_yi_2_0,"synthetic,dynsys,drpendulum",5000
351,SY_DPend_L80000_N10000_b0.05_A0_Om0.35_yi_2_0,"synthetic,dynsys,drpendulum",10000
352,SY_DPend_L80000_N1000_b0_A0.6_Om0.7_yi_2_0,"synthetic,dynsys,drpendulum",1000
353,SY_DPend_L80000_N1000_b0_A0.9_Om1.05_yi_2_0,"synthetic,dynsys,drpendulum",1000
354,SY_Jerk1_L3000_N10000_A0.6,"synthetic,dynsys,jerk1,jerk",10000
355,SY_Jerk1_L3000_N10000_A0.63,"synthetic,dynsys,jerk1,jerk,periodic",10000
356,SY_Jerk1_L3000_N10000_A0.64,"synthetic,dynsys,jerk1,jerk,periodic",10000
357,SY_Jerk1_L3000_N10000_A0.65,"synthetic,dynsys,jerk1,jerk,periodic",10000
358,SY_Jerk1_L3000_N10000_A0.69,"synthetic,dynsys,jerk1,jerk",10000
359,SY_Jerk2_L500_N5000_A0.45,"synthetic,dynsys,jerk2,jerk",5000
360,SY_Lorenz_x_500_1000,"synthetic,chaos,lorenz,x,dynsys",1000
361,SY_Lorenz_z_1000_10000,"synthetic,chaos,lorenz,z,dynsys",10000
362,SY_MA_L1000_p3_2,"synthetic,MA,MA3",1000
363,SY_MA_L1000_p3_4,"synthetic,MA,MA3",1000
364,SY_MA_L5000_p5_2,"synthetic,MA,MA5",5000
365,SY_MA_L5000_p5_6,"synthetic,MA,MA5",5000
366,SY_MA_L5000_p8_9,"synthetic,MA,MA8",5000
367,SY_MA_L5000_p9_4,"synthetic,MA,MA9",5000
368,SY_MA_L5000_p9_7,"synthetic,MA,MA9",5000
369,SY_MA_L500_p8_7,"synthetic,MA,MA8",500
370,SY_MA_L500_p9_1,"synthetic,MA,MA9",500
371,SY_MA_L7500_p5_1,"synthetic,MA,MA5",7500
372,SY_MIX_p0.1_L1000_1,"synthetic,MIXP,MIX0.1",1000
373,SY_MIX_p0.2_L5000_8,"synthetic,MIXP,MIX0.2",5000
374,SY_MIX_p0.3_L1000_3,"synthetic,MIXP,MIX0.3",1000
375,SY_MIX_p0.3_L5000_5,"synthetic,MIXP,MIX0.3",5000
376,SY_MIX_p0.4_L1000_2,"synthetic,MIXP,MIX0.4",1000
377,SY_MIX_p0.4_L5000_9,"synthetic,MIXP,MIX0.4",5000
378,SY_MIX_p0.7_L5000_2,"synthetic,MIXP,MIX0.7",5000
379,SY_MIX_p0.8_L5000_7,"synthetic,MIXP,MIX0.8",5000
380,SY_MIX_p0.9_L5000_4,"synthetic,MIXP,MIX0.9",5000
381,SY_Rossler_1000_10000_c5.5_z,"synthetic,dynsys,Rossler",10000
382,SY_Rossler_1000_1000_c5.7_x,"synthetic,dynsys,Rossler,chaos",1000
383,SY_Rossler_2000_10000_c4_z,"synthetic,dynsys,Rossler",10000
384,SY_Rossler_2000_10000_c5.6_y,"synthetic,dynsys,Rossler",10000
385,SY_Rossler_500_10000_c5.5_x,"synthetic,dynsys,Rossler",10000
386,SY_Rossler_500_1000_c5.6_y,"synthetic,dynsys,Rossler",1000
387,SY_Rossler_500_5000_c5.6_x,"synthetic,dynsys,Rossler",5000
388,SY_Rossler_500_5000_c5.6_y,"synthetic,dynsys,Rossler,periodic",5000
389,SY_Sprott3dcf_B_L4000_N1000_x,"synthetic,dynsys,3dflow,SprottflowB",1000
390,SY_Sprott3dcf_I_L1000_N5000_x,"synthetic,dynsys,3dflow,SprottflowI,periodic",5000
391,SY_Sprott3dcf_I_L300_N10000_x,"synthetic,dynsys,3dflow,SprottflowI",10000
392,SY_Sprott3dcf_K_L1000_N1000_x,"synthetic,dynsys,3dflow,SprottflowK",1000
393,SY_Sprott3dcf_M_L4000_N5000_x,"synthetic,dynsys,3dflow,SprottflowM",5000
394,SY_Sprott3dcf_O_L300_N5000_x,"synthetic,dynsys,3dflow,SprottflowO",5000
395,SY_Sprott3dcf_P_L300_N5000_x,"synthetic,dynsys,3dflow,SprottflowP",5000
396,SY_SprottJD3_L4000_N10000,"synthetic,dynsys,jerk",10000
397,SY_SprottJD4_L1000_N5000,"synthetic,dynsys,jerk,periodic",5000
398,SY_SprottJD6_L300_N10000,"synthetic,dynsys,jerk",10000
399,SY_SprottJD6_L4000_N5000,"synthetic,dynsys,jerk",5000
400,SY_VanderPol_1000_1000_b2,"synthetic,dynsys,vanderpol,periodic",1000
401,SY_VanderPol_1000_5000_b1,"synthetic,dynsys,vanderpol,periodic",5000
402,SY_VanderPol_2000_10000_b2,"synthetic,dynsys,vanderpol,periodic",10000
403,SY_VanderPol_2000_1000_b3,"synthetic,dynsys,vanderpol,periodic",1000
404,SY_VanderPol_2000_5000_b3,"synthetic,dynsys,vanderpol,periodic",5000
405,SY_VanderPol_500_5000_b1,"synthetic,dynsys,vanderpol,periodic",5000
406,SY_VanderPol_500_5000_b2,"synthetic,dynsys,vanderpol,periodic",5000
407,SY_dufftwell_200_1000_b-0.01,"synthetic,duffing,dynsys",1000
408,CH_boxhun_rf,"chemistry,yield",210
409,CH_boxjenk4_rf,"chemistry,temperature",226
410,CH_seriesj_rf,"chemistry,gas,weird",442
411,FI_exchrtes_3,"finance,exchangerate,bp",3511
412,FI_exchrtes_5,"finance,exchangerate,dm",3511
413,FI_exchrtes_7,"finance,exchangerate,sf",3511
414,FI_yahoo_HL_BRW.L,"finance,yahoo,shares,highlow",2310
415,FI_yahoo_HL_CW.L,"finance,yahoo,shares,highlow",1619
416,FI_yahoo_HL_DLN.L,"finance,yahoo,shares,highlow",2404
417,FI_yahoo_HL_HMV.L,"finance,yahoo,shares,highlow",1768
418,FI_yahoo_HL_HOME.L,"finance,yahoo,shares,highlow",837
419,FI_yahoo_HL_ITL.L,"finance,yahoo,shares,highlow",2241
420,FI_yahoo_HL_ITV.L,"finance,yahoo,shares,highlow",2382
421,FI_yahoo_HL_KLSE,"finance,yahoo,opening",3774
422,FI_yahoo_HL_MID,"finance,yahoo,opening",4432
423,FI_yahoo_HL_PRTY.L,"finance,yahoo,shares,highlow",973
424,FI_yahoo_HL_SMDR.L,"finance,yahoo,shares,highlow",580
425,FI_yahoo_HL_z28_SPMIB,"finance,yahoo,opening",1501
426,FI_yahoo_HL_z57_NMX3350,"finance,yahoo,opening",2369
427,FI_yahoo_Op_CINE.L,"finance,yahoo,shares,opening",473
428,FI_yahoo_Op_GDAXI,"finance,yahoo,opening",4626
429,FI_yahoo_Op_IXTR,"finance,yahoo,opening",4635
430,FI_yahoo_Op_MNDI.L,"finance,yahoo,shares,opening",439
431,FI_yahoo_Op_RDW.L,"finance,yahoo,shares,opening",1620
432,FI_yahoo_Op_SD3E.Z,"finance,yahoo,opening",850
433,FI_yahoo_Op_SDY.L,"finance,yahoo,shares,opening",1620
434,FI_yahoo_Op_z7_FTUB3500,"finance,yahoo,opening",1107
435,FI_yahoo_V_BRW.L,"finance,yahoo,shares,volume",2310
436,FI_yahoo_V_HFG.L,"finance,yahoo,shares,volume",390
437,FI_yahoo_V_IPC,"finance,yahoo,volume",1982
438,FI_yahoo_V_JD.L,"finance,yahoo,shares,volume",1587
439,FI_yahoo_V_RR.L,"finance,yahoo,shares,volume",1497
440,FI_yahoo_V_SSMI,"finance,yahoo,volume",1588
441,FI_yahoo_V_TIC.L,"finance,yahoo,shares,volume",730
442,FI_yahoo_V_UKC.L,"finance,yahoo,shares,volume",1619
443,FI_yahoo_V_XMI,"finance,yahoo,volume",6546
444,FL_ACT_L1000_N1000_IC_0.5_0_0_x,"synthetic,dynsys,chaos,act",1000
445,FL_ACT_L1000_N1000_IC_0.5_0_0_y,"synthetic,dynsys,chaos,act",1000
446,FL_ACT_L100_N10000_IC_0.5_0_0_y,"synthetic,dynsys,chaos,act",10000
447,FL_ACT_L100_N10000_IC_0.5_0_0_z,"synthetic,dynsys,chaos,act",10000
448,FL_ACT_L100_N1000_IC_0.5_0_0_y,"synthetic,dynsys,chaos,act",1000
449,FL_ACT_L250_N10000_IC_0.5_0_0_y,"synthetic,dynsys,chaos,act",10000
450,FL_chen_L100_N1000_IC_-10_0_37_y,"synthetic,dynsys,chaos,chen",1000
451,FL_chen_L100_N1000_IC_-10_0_37_z,"synthetic,dynsys,chaos,chen",1000
452,FL_chen_L250_N10000_IC_-10_0_37_x,"synthetic,dynsys,chaos,chen",10000
453,FL_chen_L250_N10000_IC_-10_0_37_y,"synthetic,dynsys,chaos,chen",10000
454,FL_chen_L250_N1000_IC_-10_0_37_z,"synthetic,dynsys,chaos,chen",1000
455,FL_chen_L250_N5000_IC_-10_0_37_x,"synthetic,dynsys,chaos,chen",5000
456,FL_chen_L250_N5000_IC_-10_0_37_y,"synthetic,dynsys,chaos,chen",5000
457,FL_chen_L600_N5000_IC_-10_0_37_z,"synthetic,dynsys,chaos,chen",5000
458,FL_chua_L2000_N10000_IC_0_0_0.6_z,"synthetic,dynsys,chaos,chua",10000
459,FL_chua_L2000_N1000_IC_0_0_0.6_z,"synthetic,dynsys,chaos,chua",1000
460,FL_chua_L500_N10000_IC_0_0_0.6_x,"synthetic,dynsys,chaos,chua",10000
461,FL_chua_L500_N10000_IC_0_0_0.6_y,"synthetic,dynsys,chaos,chua",10000
462,FL_chua_L500_N1000_IC_0_0_0.6_z,"synthetic,dynsys,chaos,chua",1000
463,FL_chua_L500_N5000_IC_0_0_0.6_x,"synthetic,dynsys,chaos,chua",5000
464,FL_complxbutfly_L10000_N10000_IC_0.2_0_0_x,"synthetic,dynsys,chaos,complxbutfly",10000
465,FL_complxbutfly_L10000_N10000_IC_0.2_0_0_y,"synthetic,dynsys,chaos,complxbutfly",10000
466,FL_complxbutfly_L10000_N5000_IC_0.2_0_0_x,"synthetic,dynsys,chaos,complxbutfly",5000
467,FL_complxbutfly_L10000_N5000_IC_0.2_0_0_y,"synthetic,dynsys,chaos,complxbutfly",5000
468,FL_complxbutfly_L2000_N10000_IC_0.2_0_0_x,"synthetic,dynsys,chaos,complxbutfly",10000
469,FL_complxbutfly_L2000_N5000_IC_0.2_0_0_x,"synthetic,dynsys,chaos,complxbutfly",5000
470,FL_complxbutfly_L5000_N10000_IC_0.2_0_0_x,"synthetic,dynsys,chaos,complxbutfly",10000
471,FL_complxbutfly_L5000_N10000_IC_0.2_0_0_y,"synthetic,dynsys,chaos,complxbutfly",10000
472,FL_complxbutfly_L5000_N5000_IC_0.2_0_0_x,"synthetic,dynsys,chaos,complxbutfly",5000
473,FL_dblscroll_L1000_N5000_IC_0.01_0.01_0_y,"synthetic,dynsys,chaos,dblscroll",5000
474,FL_dblscroll_L1000_N5000_IC_0.01_0.01_0_z,"synthetic,dynsys,chaos,dblscroll",5000
475,FL_dblscroll_L200_N10000_IC_0.01_0.01_0_z,"synthetic,dynsys,chaos,dblscroll",10000
476,FL_dblscroll_L200_N1000_IC_0.01_0.01_0_x,"synthetic,dynsys,chaos,dblscroll",1000
477,FL_dblscroll_L200_N5000_IC_0.01_0.01_0_y,"synthetic,dynsys,chaos,dblscroll",5000
478,FL_dblscroll_L200_N5000_IC_0.01_0.01_0_z,"synthetic,dynsys,chaos,dblscroll",5000
479,FL_dblscroll_L2500_N1000_IC_0.01_0.01_0_x,"synthetic,dynsys,chaos,dblscroll",1000
480,FL_dblscroll_L5000_N10000_IC_0.01_0.01_0_y,"synthetic,dynsys,chaos,dblscroll",10000
481,FL_dblscroll_L500_N10000_IC_0.01_0.01_0_x,"synthetic,dynsys,chaos,dblscroll",10000
482,FL_diffnlorenz_L250_N10000_IC_1.1_-1_0.01_y,"synthetic,dynsys,chaos,diffnlorenz",10000
483,FL_diffnlorenz_L250_N5000_IC_1_-1.1_0.01_y,"synthetic,dynsys,chaos,diffnlorenz",5000
484,FL_diffnlorenz_L250_N5000_IC_1_-1_0.01_x,"synthetic,dynsys,chaos,diffnlorenz",5000
485,FL_drivenpend_L1000_N5000_IC_0_0_y,"synthetic,dynsys,chaos,drivenpend",5000
486,FL_drivenpend_L2000_N1000_IC_0_0_y,"synthetic,dynsys,chaos,drivenpend",1000
487,FL_drivenpend_L5000_N5000_IC_0_0_x,"synthetic,dynsys,chaos,drivenpend",5000
488,FL_drivenpend_L5000_N5000_IC_0_0_y,"synthetic,dynsys,chaos,drivenpend",5000
489,FL_drivenpend_L500_N1000_IC_0_0_y,"synthetic,dynsys,chaos,drivenpend",1000
490,FL_hadley_L100_N10000_IC_0_0_1.3_x,"synthetic,dynsys,chaos,hadleyflow",10000
491,FL_hadley_L25_N10000_IC_0_0_1.3_x,"synthetic,dynsys,chaos,hadleyflow",10000
492,FL_hadley_L25_N1000_IC_0_0_1.3_y,"synthetic,dynsys,chaos,hadleyflow",1000
493,FL_hadley_L25_N1000_IC_0_0_1.3_z,"synthetic,dynsys,chaos,hadleyflow",1000
494,FL_hadley_L50_N10000_IC_0_0_1.3_x,"synthetic,dynsys,chaos,hadleyflow",10000
495,FL_hadley_L50_N1000_IC_0_0_1.3_x,"synthetic,dynsys,chaos,hadleyflow",1000
496,FL_hadley_L50_N1000_IC_0_0_1.3_y,"synthetic,dynsys,chaos,hadleyflow",1000
497,FL_hadley_L50_N1000_IC_0_0_1.3_z,"synthetic,dynsys,chaos,hadleyflow",1000
498,FL_hadley_L50_N5000_IC_0_0_1.3_z,"synthetic,dynsys,chaos,hadleyflow",5000
499,FL_halvorsencsa_L1000_N10000_IC_-5_0_0_x,"synthetic,dynsys,chaos,halvorsencsa",10000
500,FL_halvorsencsa_L1000_N10000_IC_-5_0_0_z,"synthetic,dynsys,chaos,halvorsencsa",10000
501,FL_halvorsencsa_L1000_N1000_IC_-5_0_0_y,"synthetic,dynsys,chaos,halvorsencsa",1000
502,FL_halvorsencsa_L1000_N5000_IC_-5_0_0_z,"synthetic,dynsys,chaos,halvorsencsa",5000
503,FL_halvorsencsa_L100_N1000_IC_-5_0_0_y,"synthetic,dynsys,chaos,halvorsencsa",1000
504,FL_halvorsencsa_L100_N5000_IC_-5_0_0_y,"synthetic,dynsys,chaos,halvorsencsa",5000
505,FL_halvorsencsa_L100_N5000_IC_-5_0_0_z,"synthetic,dynsys,chaos,halvorsencsa",5000
506,FL_halvorsencsa_L500_N10000_IC_-5_0_0_x,"synthetic,dynsys,chaos,halvorsencsa",10000
507,FL_halvorsencsa_L500_N10000_IC_-5_0_0_y,"synthetic,dynsys,chaos,halvorsencsa",10000
508,FL_henonheiles_L10000_N10000_IC_0.499_0_0_0.031607_x,"synthetic,dynsys,chaos,henonheiles",10000
509,FL_henonheiles_L250_N5000_IC_0.499_0_0_0.031607_w,"synthetic,dynsys,chaos,henonheiles",5000
510,FL_henonheiles_L250_N5000_IC_0.499_0_0_0.031607_x,"synthetic,dynsys,chaos,henonheiles",5000
511,FL_henonheiles_L5000_N1000_IC_0.499_0_0_0.031607_v,"synthetic,dynsys,chaos,henonheiles",1000
512,FL_henonheiles_L5000_N1000_IC_0.499_0_0_0.031607_x,"synthetic,dynsys,chaos,henonheiles",1000
513,FL_henonheiles_L500_N10000_IC_0.499_0_0_0.031607_y,"synthetic,dynsys,chaos,henonheiles",10000
514,FL_henonheiles_L500_N1000_IC_0.499_0_0_0.031607_v,"synthetic,dynsys,chaos,henonheiles",1000
515,FL_henonheiles_L500_N1000_IC_0.499_0_0_0.031607_w,"synthetic,dynsys,chaos,henonheiles",1000
516,FL_labyrinth_L10000_N5000_IC_0.1_0_0_x,"synthetic,dynsys,chaos,labyrinth",5000
517,FL_labyrinth_L1000_N10000_IC_0.1_0_0_z,"synthetic,dynsys,chaos,labyrinth",10000
518,FL_labyrinth_L1000_N5000_IC_0.1_0_0_y,"synthetic,dynsys,chaos,labyrinth",5000
519,FL_labyrinth_L20000_N1000_IC_0.1_0_0_x,"synthetic,dynsys,chaos,labyrinth",1000
520,FL_labyrinth_L250_N5000_IC_0.1_0_0_x,"synthetic,dynsys,chaos,labyrinth",5000
521,FL_labyrinth_L40000_N1000_IC_0.1_0_0_y,"synthetic,dynsys,chaos,labyrinth",1000
522,FL_labyrinth_L5000_N10000_IC_0.1_0_0_y,"synthetic,dynsys,chaos,labyrinth",10000
523,FL_labyrinth_L500_N5000_IC_0.1_0_0_y,"synthetic,dynsys,chaos,labyrinth",5000
524,FL_moorespiegel_L250_N10000_IC_0.1_0_0_y,"synthetic,dynsys,chaos,moorespiegel",10000
525,FL_moorespiegel_L250_N1000_IC_0.1_0_0_x,"synthetic,dynsys,chaos,moorespiegel",1000
526,FL_moorespiegel_L250_N5000_IC_0.1_0_0_x,"synthetic,dynsys,chaos,moorespiegel",5000
527,FL_moorespiegel_L500_N5000_IC_0.1_0_0_x,"synthetic,dynsys,chaos,moorespiegel",5000
528,FL_moorespiegel_L750_N10000_IC_0.1_0_0_x,"synthetic,dynsys,chaos,moorespiegel",10000
529,FL_moorespiegel_L750_N10000_IC_0.1_0_0_z,"synthetic,dynsys,chaos,moorespiegel",10000
530,FL_moorespiegel_L750_N1000_IC_0.1_0_0_z,"synthetic,dynsys,chaos,moorespiegel",1000
531,FL_moorespiegel_L750_N5000_IC_0.1_0_0_x,"synthetic,dynsys,chaos,moorespiegel",5000
532,FL_nosehoover_L250_N10000_IC_0_5_0_x,"synthetic,dynsys,chaos,nosehoover",10000
533,FL_nosehoover_L250_N1000_IC_0_5_0_x,"synthetic,dynsys,chaos,nosehoover",1000
534,FL_nosehoover_L5000_N10000_IC_0_5_0_x,"synthetic,dynsys,chaos,nosehoover",10000
535,FL_nosehoover_L500_N10000_IC_0_5_0_z,"synthetic,dynsys,chaos,nosehoover",10000
536,FL_nosehoover_L500_N5000_IC_0_5_0_x,"synthetic,dynsys,chaos,nosehoover",5000
537,FL_nosehoover_L500_N5000_IC_0_5_0_z,"synthetic,dynsys,chaos,nosehoover",5000
538,FL_nosehoover_L7500_N10000_IC_0_5_0_z,"synthetic,dynsys,chaos,nosehoover",10000
539,FL_rabfab_L1000_N10000_IC_-1_0_0.5_y,"synthetic,dynsys,chaos,rabfab",10000
540,FL_rabfab_L1000_N1000_IC_-1_0_0.5_z,"synthetic,dynsys,chaos,rabfab",1000
541,FL_rabfab_L1000_N5000_IC_-1_0_0.5_x,"synthetic,dynsys,chaos,rabfab",5000
542,FL_rabfab_L100_N10000_IC_-1_0_0.5_z,"synthetic,dynsys,chaos,rabfab",10000
543,FL_rabfab_L100_N1000_IC_-1_0_0.5_z,"synthetic,dynsys,chaos,rabfab",1000
544,FL_rabfab_L250_N1000_IC_-1_0_0.5_z,"synthetic,dynsys,chaos,rabfab",1000
545,FL_rabfab_L250_N5000_IC_-1_0_0.5_y,"synthetic,dynsys,chaos,rabfab",5000
546,FL_rucklidge_L1000_N5000_IC_1_0_4.5_x,"synthetic,dynsys,chaos,rucklidge",5000
547,FL_rucklidge_L1000_N5000_IC_1_0_4.5_y,"synthetic,dynsys,chaos,rucklidge",5000
548,FL_rucklidge_L1000_N5000_IC_1_0_4.5_z,"synthetic,dynsys,chaos,rucklidge",5000
549,FL_rucklidge_L100_N10000_IC_1_0_4.5_z,"synthetic,dynsys,chaos,rucklidge",10000
550,FL_rucklidge_L2000_N10000_IC_1_0_4.5_z,"synthetic,dynsys,chaos,rucklidge",10000
551,FL_rucklidge_L500_N10000_IC_1_0_4.5_z,"synthetic,dynsys,chaos,rucklidge",10000
552,FL_rucklidge_L500_N1000_IC_1_0_4.5_y,"synthetic,dynsys,chaos,rucklidge",1000
553,FL_rucklidge_L500_N5000_IC_1_0_4.5_y,"synthetic,dynsys,chaos,rucklidge",5000
554,FL_simpccf_L1000_N1000_IC_0_0.96_0_x,"synthetic,dynsys,chaos,simpccf",1000
555,FL_simpccf_L2000_N5000_IC_0_0.96_0_y,"synthetic,dynsys,chaos,simpccf",5000
556,FL_simpccf_L200_N10000_IC_0_0.96_0_y,"synthetic,dynsys,chaos,simpccf",10000
557,FL_simpccf_L200_N1000_IC_0_0.96_0_y,"synthetic,dynsys,chaos,simpccf",1000
558,FL_simpccf_L4000_N10000_IC_0_0.96_0_y,"synthetic,dynsys,chaos,simpccf",10000
559,FL_simpccf_L4000_N10000_IC_0_0.96_0_z,"synthetic,dynsys,chaos,simpccf",10000
560,FL_simpccf_L500_N5000_IC_0_0.96_0_y,"synthetic,dynsys,chaos,simpccf",5000
561,FL_simpdcf_L1000_N1000_IC_0_0_y,"synthetic,dynsys,chaos,simpdcf",1000
562,FL_simpdcf_L2000_N5000_IC_0_0_y,"synthetic,dynsys,chaos,simpdcf",5000
563,FL_simpdcf_L250_N1000_IC_0_0_y,"synthetic,dynsys,chaos,simpdcf",1000
564,FL_simpdcf_L5000_N1000_IC_0_0_y,"synthetic,dynsys,chaos,simpdcf",1000
565,FL_simpdcf_L500_N10000_IC_0_0_x,"synthetic,dynsys,chaos,simpdcf",10000
566,FL_simpplcf_L1000_N1000_IC_0_-0.7_0_x,"synthetic,dynsys,chaos,simpplcf",1000
567,FL_simpplcf_L1000_N5000_IC_0_-0.7_0_x,"synthetic,dynsys,chaos,simpplcf",5000
568,FL_simpplcf_L2000_N1000_IC_0_-0.7_0_x,"synthetic,dynsys,chaos,simpplcf",1000
569,FL_simpplcf_L200_N10000_IC_0_-0.7_0_y,"synthetic,dynsys,chaos,simpplcf",10000
570,FL_simpplcf_L200_N10000_IC_0_-0.7_0_z,"synthetic,dynsys,chaos,simpplcf",10000
571,FL_simpplcf_L4000_N10000_IC_0_-0.7_0_y,"synthetic,dynsys,chaos,simpplcf",10000
572,FL_simpplcf_L4000_N1000_IC_0_-0.7_0_y,"synthetic,dynsys,chaos,simpplcf",1000
573,FL_simpplcf_L4000_N5000_IC_0_-0.7_0_y,"synthetic,dynsys,chaos,simpplcf",5000
574,FL_simpplcf_L500_N10000_IC_0_-0.7_0_y,"synthetic,dynsys,chaos,simpplcf",10000
575,FL_simpqcf_L1000_N10000_IC_-0.9_0_0.5_z,"synthetic,dynsys,chaos,simpqcf",10000
576,FL_simpqcf_L1000_N5000_IC_-0.9_0_0.5_x,"synthetic,dynsys,chaos,simpqcf",5000
577,FL_simpqcf_L1000_N5000_IC_-0.9_0_0.5_z,"synthetic,dynsys,chaos,simpqcf",5000
578,FL_simpqcf_L2000_N10000_IC_-0.9_0_0.5_x,"synthetic,dynsys,chaos,simpqcf",10000
579,FL_simpqcf_L2000_N1000_IC_-0.9_0_0.5_z,"synthetic,dynsys,chaos,simpqcf",1000
580,FL_simpqcf_L2000_N5000_IC_-0.9_0_0.5_y,"synthetic,dynsys,chaos,simpqcf",5000
581,FL_simpqcf_L200_N1000_IC_-0.9_0_0.5_x,"synthetic,dynsys,chaos,simpqcf",1000
582,FL_simpqcf_L200_N1000_IC_-0.9_0_0.5_z,"synthetic,dynsys,chaos,simpqcf",1000
583,FL_simpqcf_L4000_N10000_IC_-0.9_0_0.5_z,"synthetic,dynsys,chaos,simpqcf",10000
584,FL_thomascsa_L10000_N10000_IC_0.1_0_0_x,"synthetic,dynsys,chaos,thomascsa",10000
585,FL_thomascsa_L10000_N1000_IC_0.1_0_0_x,"synthetic,dynsys,chaos,thomascsa",1000
586,FL_thomascsa_L1000_N10000_IC_0.1_0_0_z,"synthetic,dynsys,chaos,thomascsa",10000
587,FL_thomascsa_L2500_N10000_IC_0.1_0_0_z,"synthetic,dynsys,chaos,thomascsa",10000
588,FL_thomascsa_L2500_N1000_IC_0.1_0_0_x,"synthetic,dynsys,chaos,thomascsa",1000
589,FL_thomascsa_L2500_N1000_IC_0.1_0_0_z,"synthetic,dynsys,chaos,thomascsa",1000
590,FL_windmi_L1000_N1000_IC_0_0.8_0_x,"synthetic,dynsys,chaos,windmi",1000
591,FL_windmi_L1000_N5000_IC_0_0.8_0_y,"synthetic,dynsys,chaos,windmi",5000
592,FL_windmi_L2000_N1000_IC_0_0.8_0_x,"synthetic,dynsys,chaos,windmi",1000
593,FL_windmi_L2000_N5000_IC_0_0.8_0_x,"synthetic,dynsys,chaos,windmi",5000
594,FL_windmi_L200_N10000_IC_0_0.8_0_x,"synthetic,dynsys,chaos,windmi",10000
595,FL_windmi_L4000_N1000_IC_0_0.8_0_z,"synthetic,dynsys,chaos,windmi",1000
596,FL_windmi_L4000_N5000_IC_0_0.8_0_x,"synthetic,dynsys,chaos,windmi",5000
597,FL_windmi_L500_N10000_IC_0_0.8_0_x,"synthetic,dynsys,chaos,windmi",10000
598,GT_calculus,"googletrends,internet",296
599,GT_conference,"googletrends,internet",296
600,GT_marimba,"googletrends,internet",296
601,GT_pavlova,"googletrends,internet",296
602,GT_pope,"googletrends,internet",296
603,GT_trends,"googletrends,internet",296
604,GT_yoghurt,"googletrends,internet",296
605,HY_bigcone_rf,"hydrology,riverflow",255
606,HY_boise_rf,"hydrology,riverflow",588
607,HY_bryce_rf,"hydrology,riverflow",319
608,HY_colum_rf,"hydrology,riverflow",444
609,HY_current_rf,"hydrology,riverflow",468
610,HY_eaglecol_rf,"hydrology,riverflow",432
611,HY_james_rf,"hydrology,riverflow,monthly",600
612,HY_lacstjsn_rf,"hydrology,riverflow",480
613,HY_mboulder_rf,"hydrology,riverflow,monthly",588
614,HY_navajo_rf,"hydrology,riverflow",352
615,HY_rappahan_rf,"hydrology,riverflow,monthly",600
616,HY_reddeer_rf,"hydrology,riverflow",396
617,HY_riotiete_rf,"hydrology,riverflow",372
618,HY_temper_rf,"hydrology,riverflow",420
619,ME_melbmax_rf,meteorology,3650
620,ME_melbmin_rf,meteorology,3645
621,ME_temper1_rf,"meteorology,temperature",248
622,ME_tpmon_rf,meteorology,2950
623,ME_winter_rf,meteorology,208
624,MP_Lozi_ii,"synthetic,map,chaos,lozi",5000
625,MP_Lozi_iii,"synthetic,map,chaos,lozi",10000
626,MP_freitas_nlma_L10000_a-1.2488_b-3.9392_2,"synthetic,map,nonlinear,freita",10000
627,MP_freitas_nlma_L10000_a-1.2488_b0.59965_2,"synthetic,map,nonlinear,freita",10000
628,MP_freitas_nlma_L10000_a-4.4517_b-3.999_1,"synthetic,map,nonlinear,freita",10000
629,MP_freitas_nlma_L1000_a1.0823_b3.9476_2,"synthetic,map,nonlinear,freita",1000
630,MP_freitas_nlma_L500_a-1.4303_b1.5474_1,"synthetic,map,nonlinear,freita",500
631,MP_freitas_nlma_L500_a-3.92_b-3.1526_1,"synthetic,map,nonlinear,freita",500
632,MP_freitas_nlma_L500_a1.3145_b-2.1862_2,"synthetic,map,nonlinear,freita",500
633,MP_freitas_nlma_L500_a1.3145_b1.7278_1,"synthetic,map,nonlinear,freita",500
634,MP_freitas_stosine_L10000_b2_q0.2_IC2_3,"synthetic,map,stochastic,freitassine",10000
635,MP_freitas_stosine_L1000_b2_q0.05_IC2_4,"synthetic,map,stochastic,freitassine",1000
636,MP_freitas_stosine_L5000_b1_q0.1_IC2_4,"synthetic,map,stochastic,freitassine",5000
637,MP_freitas_stosine_L5000_b1_q0.2_IC2_1,"synthetic,map,stochastic,freitassine",5000
638,MP_freitas_stosine_L5000_b1_q0.2_IC2_2,"synthetic,map,stochastic,freitassine",5000
639,MP_freitas_stosine_L5000_b2_q0.01_IC2_2,"synthetic,map,stochastic,freitassine",5000
640,MP_freitas_stosine_L5000_b3_q0.2_IC2_1,"synthetic,map,stochastic,freitassine",5000
641,MP_freitas_stosine_L500_b2_q0.01_IC2_3,"synthetic,map,stochastic,freitassine",500
642,MP_logistic_A_3.75_s0_0.92,"synthetic,map,logistic,asweep",10000
643,MP_logistic_A_3.83_s0_0.45,"synthetic,map,logistic,asweep",10000
644,MP_logistic_A_3.85_s0_0.15,"synthetic,map,logistic,asweep",10000
645,MP_logistic_A_3.87_s0_0.11,"synthetic,map,logistic,asweep",10000
646,MP_logistic_A_3.96_s0_0.12,"synthetic,map,logistic,asweep",10000
647,PH_star_rf,physics,600
648,PH_sunsplus_rf,"physics,sunspot",2739
649,PH_sunspot_rf,physics,289
650,PH_sunsptmo_rf,"physics,sunspot",2753
651,PH_tong1_rf,physics,277
652,SFX_but_button-15_1s_F24_b8,"sound,soundeffects",4751
653,SFX_but_button-1_3s_F24_b8,"sound,soundeffects",9570
654,SFX_com_computer-keyboard-1_5s_F4.8_b8,"sound,soundeffects",9601
655,SFX_com_typewriter-backspace-1_5s_F4.8_b8,"sound,soundeffects",6186
656,SFX_hsld_clock-ticking-2_5s_F4.8_b8,"sound,soundeffects",5116
657,SFX_hsld_door-1-open_2s_F12_b8,"sound,soundeffects",7996
658,SFX_hsld_doorbell-2_5s_F4.8_b8,"sound,soundeffects",9601
659,SFX_hsld_fireplace-cleaning-1_3s_F8_b8,"sound,soundeffects",9613
660,SFX_hsld_food-processor-1_4s_F6_b8,"sound,soundeffects",8024
661,SFX_hsld_urinating-1_5s_F4.8_b8,"sound,soundeffects",9601
662,SL_fraser,"StatLib,riverflow,monthly",948
663,SL_lacstjra,"StatLib,meteorology,rainfall",1440
664,SL_mckenzie,"StatLib,hydrology,riverflow,monthly",600
665,SY_AR2_Timmer1_N10000_T20_tau20_eta1000_2,"TimmerAR,Timmer1,AR,synthetic",10000
666,SY_AR2_Timmer1_N10000_T20_tau20_eta1000_5,"TimmerAR,Timmer1,AR,synthetic",10000
667,SY_AR2_Timmer1_N10000_T50_tau100_eta1000_2,"TimmerAR,Timmer1,AR,synthetic",10000
668,SY_AR2_Timmer1_N10000_T50_tau50_eta1000_2,"TimmerAR,Timmer1,AR,synthetic",10000
669,SY_AR2_Timmer2_N10000_T10_tau100_eta1000_Mamp0.3_Tmod100_2,"TimmerAR,Timmer2,cyclostationary,synthetic",10000
670,SY_powerlawnoise_det_alpha_-0.48,"synthetic,powerlawnoise,alphasweep",5000
671,SY_powerlawnoise_det_alpha_1.3,"synthetic,powerlawnoise,alphasweep",5000
672,SY_powerlawnoise_det_alpha_1.86,"synthetic,powerlawnoise,alphasweep",5000
673,SY_powerlawnoise_det_alpha_2.68,"synthetic,powerlawnoise,alphasweep",5000
674,SY_rmpnoise_fBM_alpha_1.82,"synthetic,powerlawnoise,rmpnoise",5000
675,TR_arge030_rf,treerings,1534
676,TR_ca535_rf,treerings,7980
677,TR_chil007_rf,treerings,845
678,TR_chin001a_rf,treerings,823
679,TR_id006_rf,treerings,493
680,TR_newz018_rf,treerings,721
681,TR_pablo15_rf,treerings,325
682,AS_s2.1_f4_b8_l8280_135971,"sound,animalsounds",8280
683,AS_s2.2_f3_b8_l6720_137510,"sound,animalsounds",5132
684,AS_s2.2_f4_b8_l8800_58925,"sound,animalsounds",7632
685,AS_s2.2_f4_b8_l8860_123750,"sound,animalsounds",2606
686,AS_s2.3_f3_b8_l7000_164,"sound,animalsounds",5025
687,AS_s2.6_f2_b8_l5190_30872,"sound,animalsounds",5190
688,AS_s2.6_f3_b8_l7740_12817,"sound,animalsounds",7468
689,AS_s2.6_f3_b8_l7830_137510,"sound,animalsounds",6304
690,AS_s2.9_f3_b8_l8760_1997,"sound,animalsounds",8760
691,AS_s3.3_f3_b8_l9830_1997,"sound,animalsounds",9829
692,AS_s3_f3_b8_l9110_64113,"sound,animalsounds",8002
693,AS_s4.2_f2_b8_l8490_137313,"sound,animalsounds",8393
694,AS_s4.6_f2_b8_l9280_111595,"sound,animalsounds",9097
695,AS_s4.7_f2_b8_l9470_30872,"sound,animalsounds",9470
696,BATS_zoop_s1000_volwater,"oceanography,zooplankton",678
697,BATS_zoop_s200_volwater,"oceanography,zooplankton",676
698,BATS_zoop_s5000_dryweight,"oceanography,zooplankton",658
699,BATS_zoop_s5000_wetweight,"oceanography,zooplankton",658
700,BATS_zoop_s500_dryweight,"oceanography,zooplankton",655
701,BATS_zoop_s500_dryweightpervol,"oceanography,zooplankton",643
702,CM_cadiz,"meteorology,pressure,nao",2004
703,CM_moac,pressure,516
704,CM_nao,"meteorology,pressure",2288
705,CM_nao_azo,"meteorology,pressure",1651
706,CM_nao_gib,"meteorology,pressure",1093
707,CM_naomonjurg,"meteorology,pressure,nao",4111
708,CM_ncp,pressure,695
709,CM_tpi_hob,"meteorology,pressure,tpi",1289
710,Dee_recflow,"meteorology,riverflow,reconstructed,UK",1736
711,Ed1_recflow,"meteorology,riverflow,reconstructed,UK",1656
712,Ed2_rain,"meteorology,rainfall,UK",1656
713,Exe_recflow,"meteorology,riverflow,reconstructed,UK",1656
714,FI_sp500-1_rf_LOGR,"finance,logr",452
715,FI_yahoo_HL_BFX_LOGR_RMBAD,"finance,logr",4233
716,FI_yahoo_HL_HOME.L_LOGR_RMBAD,"finance,logr",815
717,FI_yahoo_HL_OEX_LOGR,"finance,logr",6569
718,FI_yahoo_HL_SSMI_LOGR_RMBAD,"finance,logr",4613
719,FI_yahoo_HL_z57_FTAS_LOGR,"finance,logr",2366
720,FI_yahoo_HL_z79_NWX_LOGR,"finance,logr",2330
721,FI_yahoo_Op_CUK.L_LOGR,"finance,logr",1618
722,FI_yahoo_Op_DLN.L_LOGR,"finance,logr",2403
723,FI_yahoo_Op_FTFM_LOGR,"finance,logr",1346
724,FI_yahoo_Op_GRG.L_LOGR,"finance,logr",1619
725,FI_yahoo_Op_IFL.L_LOGR,"finance,logr",396
726,FI_yahoo_Op_IXID_LOGR,"finance,logr",4634
727,FI_yahoo_Op_JKSE_LOGR,"finance,logr",2847
728,FI_yahoo_Op_RUT_LOGR,"finance,logr",5432
729,FI_yahoo_Op_z58_NMX1770_LOGR,"finance,logr",2368
730,FI_yahoo_Op_z58_NMX8730_LOGR,"finance,logr",2368
731,FI_yahoo_V_DJA_LOGR_RMBAD,"finance,logr",7127
732,FI_yahoo_V_EFM.L_LOGR_RMBAD,"finance,logr",1527
733,FI_yahoo_V_HTG.L_LOGR_RMBAD,"finance,logr",1533
734,FI_yahoo_V_IXIC_LOGR,"finance,logr",6167
735,FI_yahoo_V_PNX.L_LOGR_RMBAD,"finance,logr",985
736,Ich_rain,"meteorology,rainfall,UK",1836
737,Ich_recflow,"meteorology,riverflow,reconstructed,UK",1821
738,Med_rain,"meteorology,rainfall,UK",1836
739,OIL_7_WEPCDAQw_LOGR,"finance,logr",629
740,OIL_MG_PR_USw_LOGR,"finance,logr",747
741,OIL_RHUC1d_LOGR,"finance,logr",5511
742,OIL_RHUC3d_LOGR,"finance,logr",5491
743,Ous_rain,"meteorology,rainfall,UK",1656
744,SEI_earthquake_1,"seismology,earthquake",2048
745,SEI_earthquake_2,"seismology,earthquake",2048
746,SEI_earthquake_3,"seismology,earthquake",2048
747,SEI_earthquake_4,"seismology,earthquake",2048
748,SEI_earthquake_5,"seismology,earthquake",2048
749,SEI_earthquake_8,"seismology,earthquake",2048
750,SEI_earthquake_8_P,"seismology,earthquake,Pwave",1024
751,SEI_explosion_1_P,"seismology,explosion,Pwave",1024
752,SEI_explosion_2_S,"seismology,explosion,Swave",1024
753,SEI_explosion_3_P,"seismology,explosion,Pwave",1024
754,SEI_explosion_4_S,"seismology,explosion,Swave",1024
755,SEI_explosion_5,"seismology,explosion",2048
756,SEI_explosion_5_P,"seismology,explosion,Pwave",1024
757,SEI_explosion_6_P,"seismology,explosion,Pwave",1024
758,SEI_explosion_6_S,"seismology,explosion,Swave",1024
759,SEI_explosion_8_S,"seismology,explosion,Swave",1024
760,SFX_nat_water-splash-1_3s_F8_b8,"sound,soundeffects",4463
761,SFX_nat_wood-logs-2_5s_F4.8_b8,"sound,soundeffects",9526
762,SF_A,"chaos,laser,physics",1000
763,SF_Acont,"chaos,laser,physics",9093
764,SF_C_1,"SantaFe,finance,exchangerate",3000
765,SF_C_3,"SantaFe,finance,exchangerate",3000
766,SF_C_4,"SantaFe,finance,exchangerate",3000
767,SF_C_5,"SantaFe,finance,exchangerate",3000
768,SF_C_6,"SantaFe,finance,exchangerate",3000
769,SF_C_8,"SantaFe,finance,exchangerate",3000
770,SF_E_1,"SantaFe,astronomy",617
771,SF_E_12,"SantaFe,astronomy",1548
772,SF_E_14,"SantaFe,astronomy",2602
773,SF_E_16,"SantaFe,astronomy",1512
774,SF_E_4,"SantaFe,astronomy",979
775,SF_E_5,"SantaFe,astronomy",549
776,SF_E_8,"SantaFe,astronomy",2495
777,SF_E_9,"SantaFe,astronomy",1940
778,SPIDR_Stanford_solar_mean_magnetic_field_smmf,"space,solar",7601
779,SPIDR_bx_All_stations_daily,"space,magneticfield",2058
780,SPIDR_by_ACE_L6000_minly,"space,magneticfield",6001
781,SPIDR_by_ACE_hrly,"space,magneticfield",8808
782,SPIDR_by_WIND_L8200_minly,"space,magneticfield",8201
783,SPIDR_by_WIND_hrly,"space,magneticfield",2163
784,SPIDR_bz_WIND_hrly,"space,magneticfield",2163
785,SPIDR_geomag_L5700_am,"space,geomagnetic,am",5701
786,SPIDR_geomag_L5900_ap,"space,geomagnetic,ap",5901
787,SPIDR_geomag_c9,"space,geomagnetic,c9",3653
788,SPIDR_geomag_cp,"space,geomagnetic,cp",3653
789,SPIDR_hpidmsp_F15_meas,"space,hpidmsp",313
790,SPIDR_hpidmsp_F15_power,"space,hpidmsp",313
791,SPIDR_hpidmsp_L5100_F07_corr,"space,hpidmsp",5101
792,SPIDR_hpidmsp_L6500_F14_power,"space,hpidmsp",6501
793,SPIDR_hpidmsp_L6600_F08_corr,"space,hpidmsp",6601
794,SPIDR_hpidmsp_L7200_F14_corr,"space,hpidmsp",7201
795,SPIDR_hpidmsp_L8700_F12_meas,"space,hpidmsp",8701
796,SPIDR_hpidmsp_L8900_F11_power,"space,hpidmsp",8901
797,SPIDR_hpidmsp_L9300_F09_corr,"space,hpidmsp",9301
798,SPIDR_hpidmsp_L9700_F14_power,"space,hpidmsp",9701
799,SPIDR_hpinoaa_L5400_NOAA07_normFactor,"space,spinoaa",5401
800,SPIDR_hpinoaa_L6100_NOAA07_power,"space,spinoaa",6101
801,SPIDR_hpinoaa_L6400_NOAA12_power,"space,spinoaa",6401
802,SPIDR_hpinoaa_L7000_NOAA06_power,"space,spinoaa",7001
803,SPIDR_hpinoaa_L7200_NOAA12_power,"space,spinoaa",7201
804,SPIDR_hpinoaa_L7400_NOAA07_powerIndex,"space,spinoaa",7401
805,SPIDR_hpinoaa_L7400_NOAA15_powerIndex,"space,spinoaa",7401
806,SPIDR_hpinoaa_L7900_NOAA12_normFactor,"space,spinoaa",7901
807,SPIDR_hpinoaa_L9900_NOAA06_normFactor,"space,spinoaa",9901
808,SPIDR_hpinoaa_L9900_NOAA15_power,"space,spinoaa",9901
809,SPIDR_hpinoaa_NOAA17_normFactor,"space,spinoaa",4914
810,SPIDR_hpinoaa_TIROS_N_normFactor,"space,spinoaa",7842
811,SPIDR_ionosph_B1_Puerto_Rico_PRJ18,"space,ionosphere",2726
812,SPIDR_ionosph_M3000F2_Moscow_MO155_L9200,"space,ionosphere",9201
813,SPIDR_ionosph_M3000F2_Rome_RO041,"space,ionosphere",7712
814,SPIDR_ionosph_fMUF3000_Bermuda_BJJ32,"space,ionosphere",1096
815,SPIDR_ionosph_fminF_Learmonth_LM42B,"space,ionosphere",1100
816,SPIDR_ionosph_foE_Bermuda_BJJ32_L6800,"space,ionosphere",6801
817,SPIDR_ionosph_foEs_Brisbane_BR52P,"space,ionosphere",768
818,SPIDR_ionosph_fxI_Bermuda_BJJ32,"space,ionosphere",1096
819,SPIDR_ionosph_h_F1_Moscow_MO155,"space,ionosphere",4655
820,SPIDR_ionosph_h_F_Puerto_Rico_PRJ18,"space,ionosphere",1424
821,SPIDR_ionosph_h_MUF3000_Puerto_Rico_PRJ18,"space,ionosphere",786
822,SPIDR_ionosph_hmF1_Puerto_Rico_PRJ18,"space,ionosphere",1687
823,SPIDR_ionosph_hmF2_Bermuda_BJJ32,"space,ionosphere",5051
824,SPIDR_meanDelay_ACE_daily,"space,magneticfield",1256
825,SPIDR_meanDelay_ACE_hrly,"space,magneticfield",3549
826,SPIDR_posX_ACE_hrly,"space,magneticfield",8808
827,SPIDR_rstn_f1415_San_Vito,"space,rstn",542
828,SPIDR_rstn_f15400_San_Vito,"space,rstn",542
829,SPIDR_rstn_f4995_Sagamore_Hill,"space,rstn",720
830,SPIDR_rstn_f55_San_Vito,"space,rstn",542
831,SPIDR_rstn_f610_Sagamore_Hill,"space,rstn",720
832,SPIDR_rstn_f8800_Sagamore_Hill,"space,rstn",720
833,SPIDR_rstn_f8800_San_Vito,"space,rstn",542
834,SPIDR_swDensity_ACE_hrly,"space,magneticfield",1506
835,SPIDR_swVelY_ACE_daily,"space,magneticfield",825
836,SPIDR_swVelY_WIND_hrly,"space,magneticfield",894
837,SPIDR_swVelZ_ACE_daily,"space,magneticfield",825
838,SPIDR_vostok_L5300_Oct2002_vostok,"space,vostok",5301
839,SPIDR_vostok_L5700_Dec2002_vostok,"space,vostok",5701
840,SPIDR_vostok_L5700_Nov2002_vostok,"space,vostok",5701
841,SPIDR_vostok_L6000_Nov2002_vostok,"space,vostok",6001
842,SPIDR_vostok_L6600_Sep2002_vostok,"space,vostok",6601
843,SPIDR_vostok_L6700_Dec2002_vostok,"space,vostok",6701
844,SPIDR_vostok_L8100_Apr2002_vostok,"space,vostok",8101
845,SPIDR_vostok_L9100_Sep2002_vostok,"space,vostok",9101
846,TSAR_speech,"TSAR,sound,speech",1020
847,TXT_slc_gut_Alger_Friendships_of_Women,"text,slc",4560
848,TXT_slc_gut_Appleton_Tom_Swift_Airship,"text,slc",3845
849,TXT_slc_gut_Beethoven_Letters_Vol1,"text,slc",3922
850,TXT_slc_gut_Burroughs_Tarzan_Apes,"text,slc",4491
851,TXT_slc_gut_Churchill_Dr_Jonathan,"text,slc",3886
852,TXT_slc_gut_Dallas_Among_the_Mushrooms,"text,slc",2042
853,TXT_slc_gut_Doyle_Hound_Baskervilles,"text,slc",4106
854,TXT_slc_gut_Doyle_Poison_Belt,"text,slc",1900
855,TXT_slc_gut_Erasmus_Praise_Folly,"text,slc",1045
856,TXT_slc_gut_Twain_Letters_Vol1,"text,slc",2229
857,TXT_slw_gut_Arthur_Cast_Adrift,"text,slw",6712
858,TXT_slw_gut_Bible_King_James_3_Leviticus,"text,slw",664
859,TXT_slw_gut_Bierce_Devils_Dictionary,"text,slw",4317
860,TXT_slw_gut_Brooks_Necessity_Atheism,"text,slw",3948
861,TXT_slw_gut_Byron_Don_Juan,"text,slw",3566
862,TXT_slw_gut_Cabell_Jewel_Merchants,"text,slw",623
863,TXT_slw_gut_Dickens_Tale_Two_Cities,"text,slw",8420
864,TXT_slw_gut_Pitman_Chinese_Wonder_Book,"text,slw",3089
865,TXT_slw_gut_Shelley_Frankenstein,"text,slw",3362
866,Tee_recflow,"meteorology,riverflow,reconstructed,UK",1656
867,Tef_rain,"meteorology,rainfall,UK",1776
868,Thm_rain,"meteorology,rainfall,UK",1656
869,Tyn_rain,"meteorology,rainfall,UK",1656
870,Wns_rain,"meteorology,rainfall,UK",1656
871,p_nagasaki_rf,"meteorology,pressure",1550
872,p_tokyo_rf,"meteorology,pressure",1540
873,p_yokohama_rf,"meteorology,pressure",1248
874,t_kobe_rf,"meteorology,temperature",1247
875,t_osaka_rf,"meteorology,temperature",1416
876,t_tokyo_rf,"meteorology,temperature",1540
877,t_yokohama_rf,"meteorology,temperature",1248
878,01_2007-06-16_Teaching_your_brain_to_be_happy_2.1s_F4_b8,"sound,podcasts,snippets,speech",8500
879,01_2007-06-16_Teaching_your_brain_to_be_happy_2.2s_F4_b8,"sound,podcasts,snippets,speech",8800
880,01_2007-06-16_Teaching_your_brain_to_be_happy_2.3s_F3_b8,"sound,podcasts,snippets,speech",7000
881,01_2007-06-16_Teaching_your_brain_to_be_happy_2.4s_F4_b8,"sound,podcasts,snippets,speech",9700
882,01_2007-06-16_Teaching_your_brain_to_be_happy_2.8s_F3_b8,"sound,podcasts,snippets,speech",8500
883,01_2007-06-16_Teaching_your_brain_to_be_happy_2.9s_F3_b8,"sound,podcasts,snippets,speech",8600
884,01_2007-06-16_Teaching_your_brain_to_be_happy_3.3s_F3_b8,"sound,podcasts,snippets,speech",9800
885,Hamish_Andy_6_10_08_2.2s_F4_b8,"sound,podcasts,snippets,speech",8900
886,Hamish_Andy_6_10_08_3.1s_F3_b8,"sound,podcasts,snippets,speech",9200
887,Hamish_Andy_6_10_08_5282s_F0_b8,"sound,podcasts,downed,speech",10000
888,MD_chfdb_chf02_seg014_SNIP_5625-8024,"medical,physionet,ecg,chfdb,snip",2400
889,MD_chfdb_chf02_seg050_SNIP_8838-13337,"medical,physionet,ecg,chfdb,snip",4500
890,MD_chfdb_chf03_seg014_SNIP_15263-17462,"medical,physionet,ecg,chfdb,snip",2200
891,MD_chfdb_chf04_seg033_SNIP_10706-12005,"medical,physionet,ecg,chfdb,snip",1300
892,MD_chfdb_chf05_seg034_SNIP_8586-14385,"medical,physionet,ecg,chfdb,snip",5800
893,MD_chfdb_chf05_seg063_SNIP_17899-19698,"medical,physionet,ecg,chfdb,snip",1800
894,MD_chfdb_chf07_seg039_SNIP_9574-17073,"medical,physionet,ecg,chfdb,snip",7500
895,MD_chfdb_chf07_seg053_SNIP_10547-14246,"medical,physionet,ecg,chfdb,snip",3700
896,MD_chfdb_chf07_seg095_SNIP_6293-9792,"medical,physionet,ecg,chfdb,snip",3500
897,MD_chfdb_chf08_seg010_SNIP_17628-19827,"medical,physionet,ecg,chfdb,snip",2200
898,MD_chfdb_chf08_seg019_SNIP_6386-10385,"medical,physionet,ecg,chfdb,snip",4000
899,MD_chfdb_chf08_seg021_SNIP_5929-7428,"medical,physionet,ecg,chfdb,snip",1500
900,MD_chfdb_chf08_seg048_SNIP_768-4367,"medical,physionet,ecg,chfdb,snip",3600
901,MD_chfdb_chf08_seg068_SNIP_893-6892,"medical,physionet,ecg,chfdb,snip",6000
902,MD_chfdb_chf09_seg022_SNIP_15646-19045,"medical,physionet,ecg,chfdb,snip",3400
903,MD_chfdb_chf10_seg055_SNIP_9304-18303,"medical,physionet,ecg,chfdb,snip",9000
904,MD_gait_control_6,"Max,gait,medical,control",259
905,MD_gaitpdb_GaCo05_01l_SNIP_1256-2955,"medical,gait,physionet,snip,gaitpdb",1700
906,MD_gaitpdb_GaCo05_01l_SNIP_3123-11422,"medical,gait,physionet,snip,gaitpdb",8300
907,MD_gaitpdb_GaCo06_02l_SNIP_4106-7905,"medical,gait,physionet,snip,gaitpdb",3800
908,MD_gaitpdb_GaCo10_01r_SNIP_4115-8414,"medical,gait,physionet,snip,gaitpdb",4300
909,MD_gaitpdb_GaCo13_02r_SNIP_7455-11754,"medical,gait,physionet,snip,gaitpdb",4300
910,MD_nesfdb_fMT141503ant,"medical,gait,physionet,nesfdb",1800
911,MD_nesfdb_fMT141513med,"medical,gait,physionet,nesfdb",1800
912,MD_nesfdb_fMT141606ant,"medical,gait,physionet,nesfdb",1800
913,MD_nesfdb_fMT141908med,"medical,gait,physionet,nesfdb",1800
914,MD_nesfdb_fMT142002med,"medical,gait,physionet,nesfdb",1800
915,MD_nesfdb_fMT142018med,"medical,gait,physionet,nesfdb",1800
916,MD_nesfdb_fMT142315ant,"medical,gait,physionet,nesfdb",1800
917,MD_nesfdb_fMT142920med,"medical,gait,physionet,nesfdb",1800
918,MD_nesfdb_fMT143808med,"medical,gait,physionet,nesfdb",1800
919,MD_nesfdb_fMT143814ant,"medical,gait,physionet,nesfdb",1800
920,MD_nesfdb_fMT143903med,"medical,gait,physionet,nesfdb",1800
921,MD_nesfdb_fMT150310ant,"medical,gait,physionet,nesfdb",1800
922,MD_nesfdb_fMT152009ant,"medical,gait,physionet,nesfdb",1800
923,MD_nesfdb_fMT152110ant,"medical,gait,physionet,nesfdb",1800
924,MD_tremordb_g11rof,"medical,tremor,physionet,lowamp,dbsoff,medoff,gpi",6306
925,MD_tremordb_g12ren,"medical,tremor,physionet,lowamp,dbson,medon,gpi",6492
926,MD_tremordb_g1ron,"medical,tremor,physionet,highamp,dbsoff,medon,gpi",6264
927,MD_tremordb_g2r15of,"medical,tremor,physionet,highamp,dbsstop15,medoff,gpi",6150
928,MD_tremordb_s14r30of,"medical,tremor,physionet,lowamp,dbsstop30,medoff,stn",6276
929,MD_tremordb_s14r45of,"medical,tremor,physionet,lowamp,dbsstop45,medoff,stn",6282
930,MD_tremordb_s14r60of,"medical,tremor,physionet,lowamp,dbsstop60,medoff,stn",6342
931,MD_tremordb_s15ron,"medical,tremor,physionet,lowamp,dbsoff,medon,stn",6102
932,MD_tremordb_s16r30of,"medical,tremor,physionet,lowamp,dbsstop30,medoff,stn",6588
933,MD_tremordb_s16ren,"medical,tremor,physionet,lowamp,dbson,medon,stn",6300
934,MD_tremordb_s6r15of,"medical,tremor,physionet,highamp,dbsstop15,medoff,stn",7104
935,MD_tremordb_s7ron,"medical,tremor,physionet,highamp,dbsoff,medon,stn",6234
936,MUS_At_Last_with_Lou_Rawls_519s_F0.05_b8,"sound,music,downed",9989
937,MUS_Billy_Boy_1047s_F0.02_b8,"sound,music,downed",9995
938,MUS_Commemorative..._T-Shirt_1242s_F0.02_b8,"sound,music,downed",9996
939,MUS_Everythings_Just_Wonderful_501s_F0.05_b8,"sound,music,downed",9993
940,MUS_Hey_Baby_406s_F0.06_b8,"sound,music,downed",9991
941,MUS_Jesu_Joy_of_Mans_Desiring_395s_F0.06_b8,"sound,music,downed",9986
942,MUS_One_for_Daddy-O_1214s_F0.02_b8,"sound,music,downed",9994
943,MUS_Shallow_618s_F0.04_b8,"sound,music,downed",9993
944,MUS_Sit_Down_Stand_Up_Snakes_Ladders_625s_F0.04_b8,"sound,music,downed",9985
945,MUS_Small_Wooden_Boats_510s_F0.05_b8,"sound,music,downed",9986
946,MUS_Sonata_in_C_K279_i_Allegro_702s_F0.03_b8,"sound,music,downed",9994
947,MUS_Tetra-Sync_1364s_F0.02_b8,"sound,music,downed",9999
948,MUS_Viva_La_Vida_580s_F0.04_b8,"sound,music,downed",9989
949,MUS_Way_Out_Of_Here_1099s_F0.02_b8,"sound,music,downed",9997
950,MUS_Womens_Clothing_Store_Pick_Up_960s_F0.03_b8,"sound,music,downed",9991
951,MUS_Wrists_Of_Kings_1117s_F0.02_b8,"sound,music,downed",10000
952,MUS_Yanada_564s_F0.04_b8,"sound,music,downed",10000
953,The_Podfather_Part_I_-_Halloween_2.4s_F4_b8,"sound,podcasts,snippets,speech",9700
954,The_Podfather_Part_I_-_Halloween_2.5s_F3_b8,"sound,podcasts,snippets,speech",7500
955,The_Podfather_Part_I_-_Halloween_2.6s_F3_b8,"sound,podcasts,snippets,speech",7900
956,The_Podfather_Part_I_-_Halloween_3.2s_F3_b8,"sound,podcasts,snippets,speech",9600
957,MD_chfdb_chf13_seg098_SNIP_1878-3077,"medical,physionet,ecg,chfdb,snip",1200
958,MD_chfdb_chf15_seg004_SNIP_2144-4243,"medical,physionet,ecg,chfdb,snip",2100
959,MD_chfdb_chf15_seg018_SNIP_2342-3841,"medical,physionet,ecg,chfdb,snip",1500
960,MD_nsrdb_nsr16265_seg054_SNIP_381-7280,"medical,physionet,ecg,nsrdb,snip",6900
961,MD_nsrdb_nsr16420_seg086_SNIP_6297-11196,"medical,physionet,ecg,nsrdb,snip",4900
962,MD_nsrdb_nsr16483_seg061_SNIP_5864-9663,"medical,physionet,ecg,nsrdb,snip",3800
963,MD_nsrdb_nsr16539_seg073_SNIP_993-2592,"medical,physionet,ecg,nsrdb,snip",1600
964,MD_nsrdb_nsr16539_seg090_SNIP_12063-14262,"medical,physionet,ecg,nsrdb,snip",2200
965,MD_nsrdb_nsr16773_seg099_SNIP_16364-19963,"medical,physionet,ecg,nsrdb,snip",3600
966,MD_nsrdb_nsr17052_seg005_SNIP_13032-19031,"medical,physionet,ecg,nsrdb,snip",6000
967,MD_nsrdb_nsr17052_seg017_SNIP_7298-12997,"medical,physionet,ecg,nsrdb,snip",5700
968,MD_nsrdb_nsr17453_seg017_SNIP_6695-14394,"medical,physionet,ecg,nsrdb,snip",7700
969,MD_nsrdb_nsr17453_seg026_SNIP_15689-18888,"medical,physionet,ecg,nsrdb,snip",3200
970,MD_nsrdb_nsr17453_seg075_SNIP_13882-15381,"medical,physionet,ecg,nsrdb,snip",1500
971,MD_nsrdb_nsr17453_seg085_SNIP_11015-19214,"medical,physionet,ecg,nsrdb,snip",8200
972,MD_nsrdb_nsr18177_seg064_SNIP_17035-19834,"medical,physionet,ecg,nsrdb,snip",2800
973,MD_nsrdb_nsr18177_seg078_SNIP_13478-17777,"medical,physionet,ecg,nsrdb,snip",4300
974,MD_nsrdb_nsr18177_seg086_SNIP_6909-12308,"medical,physionet,ecg,nsrdb,snip",5400
975,MD_nsrdb_nsr18184_seg041_SNIP_239-1838,"medical,physionet,ecg,nsrdb,snip",1600
976,MD_nsrdb_nsr19088_seg007_SNIP_5659-15658,"medical,physionet,ecg,nsrdb,snip",10000
977,MD_nsrdb_nsr19090_seg004_SNIP_2007-4606,"medical,physionet,ecg,nsrdb,snip",2600
978,MD_nsrdb_nsr19090_seg089_SNIP_10462-16061,"medical,physionet,ecg,nsrdb,snip",5600
979,MD_nsrdb_nsr19140_seg032_SNIP_883-2882,"medical,physionet,ecg,nsrdb,snip",2000
980,MD_RR_chf207_SNIP_16569-22068,"medical,RR,chf,age62",5500
981,MD_RR_chf208_SNIP_16461-25060,"medical,RR,chf,age62",8600
982,MD_RR_chf218_SNIP_22092-28391,"medical,RR,chf,age72",6300
983,MD_RR_chf219_SNIP_17389-22088,"medical,RR,chf,age62",4700
984,MD_RR_chf219_SNIP_26150-29649,"medical,RR,chf,age62",3500
985,MD_RR_chf221_SNIP_10186-18785,"medical,RR,chf,age37",8600
986,MD_RR_chf222_SNIP_25440-29339,"medical,RR,chf,age63",3900
987,MD_RR_nsr011_SNIP_1731-8230,"medical,RR,nsr,age65",6500
988,MD_RR_nsr012_SNIP_13894-19193,"medical,RR,nsr,age66",5300
989,MD_RR_nsr023_SNIP_16271-23070,"medical,RR,nsr,age66",6800
990,MD_RR_nsr026_SNIP_15060-20859,"medical,RR,nsr,age72",5800
991,MD_RR_nsr027_SNIP_19248-23047,"medical,RR,nsr,age64",3800
992,MD_RR_nsr035_SNIP_13179-21578,"medical,RR,nsr,age66",8400
993,MD_RR_nsr035_SNIP_901-5500,"medical,RR,nsr,age66",4600
994,MD_RR_nsr036_SNIP_872-2771,"medical,RR,nsr,age60",1900
995,MD_RR_nsr051_SNIP_1173-4572,"medical,RR,nsr,age40",3400
996,MD_mghdb_mgh01_ECGleadII_SNIP_3372-6371,"medical,physionet,mghdb,snip,ecg",3000
997,MD_mghdb_mgh25_RespImp_SNIP_13540-19339,"medical,physionet,mghdb,snip,respiratoryimpedance",5800
998,MD_mghdb_mgh30_ART_SNIP_6458-13457,"medical,physionet,mghdb,snip,arterialpressure",7000
999,MD_mghdb_mgh68_CVP_SNIP_12571-18470,"medical,physionet,mghdb,snip,centralvenouspressure",5900
1000,MD_mghdb_mgh79_PAP_SNIP_9047-15146,"medical,physionet,mghdb,snip,pulmonaryarterialpressure",6100
